zone,year,arbitrage_usd_per_kw,spike_intervals,mean_price,p99_price,days
LZ_AEN,2018,53.87,42,29.98,170.89,365
LZ_CPS,2018,53.42,42,30.45,178.22,365
LZ_HOUSTON,2018,56.8,41,31.07,185.24,365
LZ_LCRA,2018,53.83,42,30.07,176.67,365
LZ_NORTH,2018,56.11,41,30.82,179.22,365
LZ_RAYBN,2018,57.29,43,31.67,196.84,365
LZ_SOUTH,2018,70.6,68,33.85,285.35,365
LZ_WEST,2018,72.75,44,37.54,223.91,365
LZ_AEN,2019,109.48,103,36.51,282.31,365
LZ_CPS,2019,113.57,115,38.15,305.59,365
LZ_HOUSTON,2019,110.22,107,36.83,290.45,365
LZ_LCRA,2019,110.3,105,36.92,316.93,365
LZ_NORTH,2019,110.24,105,36.35,289.51,365
LZ_RAYBN,2019,109.17,105,36.36,281.86,365
LZ_SOUTH,2019,115.68,102,38.1,334.2,365
LZ_WEST,2019,145.03,115,46.56,390.88,365
LZ_AEN,2020,40.76,23,22.12,144.53,366
LZ_CPS,2020,39.24,19,22.14,132.09,366
LZ_HOUSTON,2020,41.23,27,22.46,136.3,366
LZ_LCRA,2020,38.9,20,21.75,141.33,366
LZ_NORTH,2020,38.24,20,21.82,127.71,366
LZ_RAYBN,2020,37.66,20,22.14,127.71,366
LZ_SOUTH,2020,55.2,27,25.37,295.08,366
LZ_WEST,2020,72.45,35,30.8,282.76,366
LZ_AEN,2021,118.0,655,152.05,8979.55,365
LZ_CPS,2021,118.26,651,150.74,8972.53,365
LZ_HOUSTON,2021,124.52,669,151.76,8785.03,365
LZ_LCRA,2021,119.11,653,152.14,8977.78,365
LZ_NORTH,2021,118.72,647,150.61,8991.9,365
LZ_RAYBN,2021,118.07,651,150.2,8962.24,365
LZ_SOUTH,2021,116.35,632,147.49,8869.45,365
LZ_WEST,2021,124.56,657,147.97,8981.6,365
LZ_AEN,2022,120.47,162,66.01,450.58,365
LZ_CPS,2022,113.58,153,64.55,419.17,365
LZ_HOUSTON,2022,130.63,173,70.05,533.31,365
LZ_LCRA,2022,117.55,160,65.47,441.34,365
LZ_NORTH,2022,106.86,135,62.93,378.81,365
LZ_RAYBN,2022,107.11,138,63.25,378.09,365
LZ_SOUTH,2022,99.31,110,59.9,395.66,365
LZ_WEST,2022,128.9,143,62.35,456.85,365
LZ_AEN,2023,164.25,254,53.76,735.94,365
LZ_CPS,2023,152.46,239,50.69,529.39,365
LZ_HOUSTON,2023,150.18,247,49.75,569.08,365
LZ_LCRA,2023,161.15,250,52.72,611.96,365
LZ_NORTH,2023,150.33,244,48.69,547.16,365
LZ_RAYBN,2023,151.13,244,48.95,549.92,365
LZ_SOUTH,2023,125.44,180,45.12,429.74,365
LZ_WEST,2023,184.52,255,59.42,694.63,365
LZ_AEN,2024,65.55,48,29.31,200.72,366
LZ_CPS,2024,63.15,34,28.94,181.93,366
LZ_HOUSTON,2024,56.98,31,27.2,138.29,366
LZ_LCRA,2024,67.6,34,29.72,228.11,366
LZ_NORTH,2024,59.97,33,26.41,148.13,366
LZ_RAYBN,2024,59.48,32,26.23,141.03,366
LZ_SOUTH,2024,67.21,45,30.43,224.02,366
LZ_WEST,2024,82.45,32,35.71,208.77,366
LZ_AEN,2025,56.06,10,35.93,175.76,365
LZ_CPS,2025,53.79,7,35.54,174.83,365
LZ_HOUSTON,2025,43.58,7,33.19,131.02,365
LZ_LCRA,2025,62.48,31,37.46,200.99,365
LZ_NORTH,2025,50.16,12,32.66,149.02,365
LZ_RAYBN,2025,49.79,12,32.71,149.8,365
LZ_SOUTH,2025,45.62,19,33.5,146.79,365
LZ_WEST,2025,64.18,12,42.18,189.72,365
