county_fips,county,share_tropical,days_tropical,share_winter,days_winter,share_wind,days_wind,share_tornado,days_tornado,share_flood,days_flood,share_heat,days_heat,share_hail,days_hail,share_lightning,days_lightning,share_wildfire,days_wildfire,share_none,days_none,share_grid,days_grid,top_cause,notable_days
48001,Anderson,0.03,2,0.205,25,0.304,113,0.003,4,0.044,30,0.167,39,0.03,21,0.0,0,0.001,2,0.106,222,0.111,4,high winds / severe thunderstorms,462
48003,Andrews,0.032,3,0.048,8,0.165,25,0.0,0,0.002,1,0.006,2,0.043,7,0.0,0,0.008,1,0.389,98,0.307,4,grid emergency (ERCOT load shed),149
48005,Angelina,0.104,9,0.206,20,0.288,107,0.003,4,0.034,25,0.046,53,0.004,6,0.0,0,0.0,0,0.112,241,0.202,4,high winds / severe thunderstorms,469
48007,Aransas,0.015,6,0.052,19,0.073,47,0.013,5,0.049,26,0.042,13,0.003,4,0.0,0,0.001,2,0.255,230,0.497,4,grid emergency (ERCOT load shed),356
48009,Archer,0.013,5,0.028,10,0.38,64,0.003,2,0.016,9,0.019,14,0.033,19,0.001,1,0.001,1,0.186,175,0.32,4,high winds / severe thunderstorms,304
48011,Armstrong,0.011,3,0.53,7,0.255,24,0.0,0,0.001,2,0.007,2,0.01,4,0.0,0,0.003,1,0.173,45,0.008,1,winter storm / ice,89
48013,Atascosa,0.002,3,0.011,8,0.193,54,0.002,1,0.019,7,0.012,9,0.041,8,0.0,0,0.0,0,0.251,166,0.469,5,grid emergency (ERCOT load shed),261
48015,Austin,0.049,6,0.003,5,0.673,57,0.007,4,0.004,8,0.032,15,0.016,9,0.0,0,0.0,1,0.028,54,0.187,4,high winds / severe thunderstorms,163
48017,Bailey,0.0,0,0.028,3,0.735,14,0.032,3,0.014,3,0.005,2,0.001,1,0.0,0,0.0,0,0.162,23,0.023,1,high winds / severe thunderstorms,50
48019,Bandera,0.0,0,0.104,15,0.063,20,0.0,0,0.007,6,0.006,3,0.012,5,0.0,0,0.0,0,0.298,85,0.509,4,grid emergency (ERCOT load shed),138
48021,Bastrop,0.008,2,0.234,22,0.154,72,0.024,5,0.011,11,0.01,13,0.006,11,0.001,2,0.001,2,0.155,257,0.395,4,grid emergency (ERCOT load shed),401
48023,Baylor,0.009,3,0.128,7,0.403,56,0.008,4,0.016,4,0.007,6,0.039,10,0.0,0,0.001,2,0.171,106,0.218,3,high winds / severe thunderstorms,201
48025,Bee,0.013,4,0.028,15,0.249,72,0.001,1,0.036,11,0.015,8,0.01,5,0.0,1,0.0,0,0.38,218,0.269,4,grid emergency (ERCOT load shed),339
48027,Bell,0.0,0,0.145,17,0.246,51,0.049,3,0.019,13,0.048,18,0.022,15,0.0,0,0.008,2,0.05,101,0.413,7,grid emergency (ERCOT load shed),227
48029,Bexar,0.001,1,0.025,3,0.154,40,0.0,1,0.011,6,0.005,3,0.007,4,0.001,1,0.0,0,0.016,12,0.779,4,grid emergency (ERCOT load shed),75
48031,Blanco,0.007,2,0.358,12,0.064,37,0.023,3,0.014,15,0.007,4,0.011,9,0.001,1,0.021,10,0.156,129,0.336,7,winter storm / ice,229
48033,Borden,0.001,4,0.091,13,0.35,101,0.01,3,0.029,12,0.001,3,0.005,6,0.0,0,0.0,0,0.368,275,0.145,6,high winds / severe thunderstorms,423
48035,Bosque,0.0,0,0.058,11,0.211,64,0.003,3,0.046,21,0.045,29,0.025,18,0.003,2,0.0,0,0.179,212,0.43,4,grid emergency (ERCOT load shed),364
48037,Bowie,0.0,1,0.153,5,0.409,65,0.105,11,0.067,16,0.085,28,0.021,8,0.0,0,0.0,0,0.154,102,0.005,1,high winds / severe thunderstorms,237
48039,Brazoria,0.259,9,0.005,8,0.192,68,0.072,11,0.072,6,0.036,6,0.001,2,0.0,0,0.0,0,0.021,66,0.342,4,grid emergency (ERCOT load shed),180
48041,Brazos,0.013,4,0.006,3,0.106,57,0.009,6,0.005,7,0.004,7,0.003,4,0.0,0,0.0,0,0.112,184,0.742,5,grid emergency (ERCOT load shed),277
48043,Brewster,0.004,4,0.006,5,0.123,48,0.003,3,0.046,9,0.019,7,0.054,8,0.0,0,0.0,0,0.45,218,0.295,4,grid emergency (ERCOT load shed),306
48045,Briscoe,0.0,1,0.456,13,0.241,38,0.015,1,0.0,0,0.0,0,0.017,6,0.0,0,0.0,0,0.271,100,0.0,0,winter storm / ice,159
48047,Brooks,0.176,13,0.031,15,0.135,53,0.002,3,0.007,7,0.017,5,0.009,8,0.0,0,0.021,8,0.388,261,0.214,4,grid emergency (ERCOT load shed),377
48049,Brown,0.0,1,0.151,16,0.215,63,0.012,1,0.016,8,0.003,2,0.038,16,0.003,1,0.0,0,0.218,127,0.343,5,grid emergency (ERCOT load shed),240
48051,Burleson,0.011,4,0.136,18,0.204,83,0.006,7,0.027,12,0.016,13,0.122,21,0.001,1,0.0,0,0.281,308,0.196,4,high winds / severe thunderstorms,471
48053,Burnet,0.001,2,0.099,16,0.115,74,0.003,4,0.04,17,0.019,13,0.016,7,0.001,1,0.003,4,0.203,159,0.501,3,grid emergency (ERCOT load shed),300
48055,Caldwell,0.002,1,0.074,9,0.233,49,0.035,5,0.025,8,0.031,11,0.003,3,0.007,1,0.0,0,0.169,124,0.421,4,grid emergency (ERCOT load shed),215
48057,Calhoun,0.046,8,0.016,9,0.138,49,0.002,1,0.027,8,0.007,7,0.0,1,0.0,0,0.0,0,0.196,147,0.569,4,grid emergency (ERCOT load shed),234
48059,Callahan,0.001,4,0.131,21,0.268,63,0.013,5,0.036,11,0.004,5,0.041,19,0.001,1,0.0,0,0.279,263,0.225,4,high winds / severe thunderstorms,396
48061,Cameron,0.152,4,0.037,9,0.161,37,0.006,1,0.067,13,0.01,9,0.009,3,0.002,1,0.0,0,0.102,82,0.454,4,grid emergency (ERCOT load shed),163
48063,Camp,0.015,3,0.026,13,0.49,103,0.018,6,0.026,5,0.27,51,0.004,6,0.0,1,0.0,0,0.147,206,0.004,1,high winds / severe thunderstorms,395
48065,Carson,0.0,1,0.598,24,0.205,79,0.017,4,0.001,1,0.001,1,0.006,13,0.0,0,0.007,5,0.162,145,0.003,1,winter storm / ice,274
48067,Cass,0.0,3,0.052,17,0.428,156,0.048,14,0.048,18,0.254,76,0.02,16,0.001,1,0.0,0,0.141,355,0.008,4,high winds / severe thunderstorms,660
48069,Castro,0.001,3,0.071,23,0.313,118,0.006,4,0.005,6,0.003,4,0.027,9,0.0,1,0.001,1,0.56,353,0.013,2,high winds / severe thunderstorms,524
48071,Chambers,0.085,13,0.004,9,0.594,79,0.016,8,0.032,18,0.041,17,0.011,7,0.0,0,0.001,1,0.064,192,0.152,4,high winds / severe thunderstorms,348
48073,Cherokee,0.028,4,0.125,23,0.463,128,0.026,13,0.047,30,0.057,52,0.021,12,0.0,0,0.0,0,0.127,255,0.105,4,high winds / severe thunderstorms,521
48075,Childress,0.0,1,0.37,9,0.06,35,0.001,1,0.0,0,0.0,0,0.045,11,0.0,0,0.0,0,0.237,91,0.288,3,winter storm / ice,151
48077,Clay,0.0,0,0.072,4,0.199,49,0.013,6,0.044,4,0.062,10,0.025,14,0.001,1,0.001,2,0.338,147,0.244,3,grid emergency (ERCOT load shed),240
48079,Cochran,0.0,0,0.002,2,0.702,30,0.008,1,0.009,2,0.0,0,0.036,1,0.0,0,0.0,0,0.242,49,0.0,0,high winds / severe thunderstorms,85
48081,Coke,0.009,4,0.057,17,0.198,61,0.027,6,0.022,9,0.008,1,0.028,14,0.0,0,0.0,0,0.436,236,0.214,4,grid emergency (ERCOT load shed),352
48083,Coleman,0.0,0,0.026,5,0.388,22,0.01,1,0.003,2,0.026,2,0.071,5,0.0,0,0.0,0,0.395,37,0.081,2,high winds / severe thunderstorms,76
48085,Collin,0.001,2,0.03,9,0.356,52,0.005,5,0.048,17,0.014,11,0.009,7,0.006,3,0.0,0,0.035,53,0.495,4,grid emergency (ERCOT load shed),163
48087,Collingsworth,0.0,1,0.185,4,0.33,38,0.016,1,0.001,2,0.018,3,0.001,2,0.0,0,0.001,1,0.446,95,0.0,0,high winds / severe thunderstorms,147
48089,Colorado,0.081,7,0.009,6,0.34,79,0.003,4,0.008,9,0.045,17,0.023,14,0.0,0,0.0,0,0.083,165,0.408,5,grid emergency (ERCOT load shed),306
48091,Comal,0.0,1,0.181,8,0.074,41,0.002,3,0.029,18,0.002,5,0.009,8,0.0,0,0.001,1,0.137,127,0.566,4,grid emergency (ERCOT load shed),216
48093,Comanche,0.001,1,0.062,6,0.152,74,0.0,1,0.018,10,0.03,25,0.011,10,0.002,1,0.0,0,0.196,183,0.527,4,grid emergency (ERCOT load shed),315
48095,Concho,0.001,2,0.112,14,0.24,56,0.028,5,0.006,6,0.009,6,0.05,9,0.004,1,0.0,0,0.422,192,0.127,5,high winds / severe thunderstorms,296
48097,Cooke,0.003,3,0.02,12,0.26,88,0.014,6,0.012,14,0.034,37,0.015,15,0.002,2,0.0,0,0.121,231,0.518,4,grid emergency (ERCOT load shed),412
48099,Coryell,0.0,0,0.026,7,0.155,43,0.004,1,0.029,5,0.029,19,0.004,4,0.0,1,0.0,1,0.079,75,0.672,6,grid emergency (ERCOT load shed),162
48101,Cottle,0.0,0,0.528,4,0.169,37,0.001,1,0.003,2,0.0,0,0.021,2,0.0,0,0.0,0,0.278,99,0.0,0,winter storm / ice,145
48103,Crane,0.0,0,0.0,0,0.331,25,0.026,1,0.005,2,0.056,4,0.02,7,0.0,0,0.0,0,0.479,88,0.083,3,high winds / severe thunderstorms,130
48105,Crockett,0.004,1,0.058,6,0.168,30,0.015,4,0.038,12,0.004,1,0.034,6,0.008,2,0.0,0,0.67,138,0.0,0,high winds / severe thunderstorms,200
48107,Crosby,0.001,2,0.305,5,0.407,32,0.005,2,0.027,2,0.001,1,0.006,5,0.0,0,0.0,0,0.237,46,0.013,2,high winds / severe thunderstorms,97
48109,Culberson,0.015,4,0.011,1,0.198,88,0.01,2,0.075,18,0.007,4,0.01,2,0.002,1,0.0,0,0.663,331,0.008,4,high winds / severe thunderstorms,455
48111,Dallam,0.006,1,0.179,7,0.236,35,0.007,1,0.015,5,0.015,2,0.018,7,0.0,0,0.008,2,0.514,90,0.0,0,high winds / severe thunderstorms,150
48113,Dallas,0.0,0,0.0,1,0.615,55,0.0,0,0.055,7,0.002,2,0.01,6,0.002,2,0.0,0,0.006,10,0.31,5,high winds / severe thunderstorms,88
48115,Dawson,0.004,3,0.078,8,0.364,63,0.018,2,0.069,14,0.001,1,0.005,5,0.0,1,0.0,0,0.271,188,0.189,5,high winds / severe thunderstorms,290
48117,Deaf Smith,0.002,3,0.089,19,0.39,95,0.011,6,0.02,7,0.002,5,0.051,37,0.006,2,0.003,2,0.409,293,0.018,1,high winds / severe thunderstorms,470
48119,Delta,0.0,0,0.081,10,0.371,57,0.002,2,0.013,6,0.048,24,0.035,4,0.002,1,0.0,0,0.237,137,0.211,3,high winds / severe thunderstorms,244
48121,Denton,0.0,0,0.016,4,0.275,39,0.0,0,0.005,4,0.009,7,0.01,8,0.0,0,0.0,1,0.045,61,0.639,4,grid emergency (ERCOT load shed),128
48123,DeWitt,0.011,3,0.047,7,0.197,45,0.002,1,0.025,10,0.005,3,0.046,11,0.004,4,0.0,0,0.24,146,0.423,5,grid emergency (ERCOT load shed),235
48125,Dickens,0.0,0,0.339,9,0.389,31,0.008,2,0.007,2,0.0,0,0.019,2,0.0,0,0.0,0,0.238,41,0.0,0,high winds / severe thunderstorms,87
48127,Dimmit,0.005,5,0.005,5,0.189,104,0.005,5,0.019,20,0.032,30,0.015,10,0.0,1,0.0,0,0.652,564,0.078,4,high winds / severe thunderstorms,748
48129,Donley,0.0,0,0.237,5,0.19,27,0.022,4,0.014,2,0.0,0,0.017,5,0.0,0,0.0,0,0.52,61,0.0,0,winter storm / ice,104
48131,Duval,0.009,7,0.027,14,0.174,77,0.004,2,0.03,21,0.009,11,0.018,10,0.0,1,0.0,0,0.377,390,0.35,5,grid emergency (ERCOT load shed),538
48133,Eastland,0.004,3,0.142,19,0.213,85,0.005,5,0.006,8,0.043,30,0.01,12,0.001,1,0.077,4,0.155,214,0.343,4,grid emergency (ERCOT load shed),385
48135,Ector,0.0,0,0.007,1,0.186,35,0.0,0,0.018,5,0.013,4,0.021,4,0.0,0,0.0,0,0.197,77,0.558,4,grid emergency (ERCOT load shed),130
48137,Edwards,0.003,3,0.066,9,0.136,46,0.029,2,0.042,24,0.004,4,0.029,18,0.0,0,0.0,1,0.329,208,0.362,8,grid emergency (ERCOT load shed),323
48139,Ellis,0.001,1,0.06,12,0.378,93,0.011,5,0.035,14,0.056,35,0.022,17,0.0,0,0.0,0,0.131,162,0.307,5,high winds / severe thunderstorms,344
48141,El Paso,0.002,1,0.003,1,0.241,29,0.001,1,0.04,8,0.01,2,0.017,4,0.016,1,0.0,0,0.67,137,0.0,0,high winds / severe thunderstorms,184
48143,Erath,0.0,0,0.411,15,0.118,59,0.003,3,0.019,8,0.019,17,0.027,18,0.004,1,0.001,2,0.136,175,0.262,5,winter storm / ice,303
48145,Falls,0.001,3,0.265,15,0.169,100,0.096,3,0.027,18,0.035,39,0.022,12,0.001,2,0.0,0,0.141,211,0.243,10,winter storm / ice,413
48147,Fannin,0.0,0,0.054,8,0.527,78,0.018,4,0.018,8,0.024,21,0.026,12,0.0,0,0.0,0,0.13,144,0.204,4,high winds / severe thunderstorms,279
48149,Fayette,0.0,0,0.117,9,0.281,26,0.0,0,0.022,3,0.0,0,0.004,4,0.0,0,0.0,0,0.231,59,0.346,4,grid emergency (ERCOT load shed),105
48151,Fisher,0.003,1,0.018,5,0.475,29,0.0,0,0.016,4,0.008,2,0.007,1,0.0,0,0.0,0,0.447,102,0.026,4,high winds / severe thunderstorms,148
48153,Floyd,0.0,1,0.391,6,0.253,32,0.029,1,0.022,5,0.001,1,0.047,7,0.0,0,0.0,0,0.256,66,0.0,0,winter storm / ice,119
48155,Foard,0.01,2,0.636,7,0.115,36,0.0,0,0.003,2,0.018,2,0.048,5,0.0,0,0.0,1,0.169,135,0.0,1,winter storm / ice,191
48157,Fort Bend,0.342,5,0.0,0,0.237,30,0.078,3,0.066,2,0.029,3,0.005,4,0.001,1,0.0,0,0.005,11,0.237,4,hurricane / tropical storm,63
48159,Franklin,0.003,2,0.057,13,0.41,92,0.008,5,0.012,8,0.323,45,0.006,8,0.0,0,0.0,0,0.14,193,0.041,4,high winds / severe thunderstorms,370
48161,Freestone,0.005,3,0.228,18,0.217,82,0.002,4,0.045,19,0.085,50,0.066,17,0.0,0,0.0,0,0.154,275,0.198,8,winter storm / ice,476
48163,Frio,0.002,2,0.008,10,0.153,66,0.006,5,0.007,4,0.004,5,0.022,13,0.0,0,0.0,0,0.279,283,0.52,4,grid emergency (ERCOT load shed),392
48165,Gaines,0.0,0,0.105,12,0.276,52,0.001,1,0.008,5,0.016,4,0.015,7,0.0,0,0.0,0,0.556,175,0.023,2,high winds / severe thunderstorms,258
48167,Galveston,0.264,10,0.01,12,0.179,97,0.079,10,0.087,29,0.038,13,0.005,9,0.002,4,0.0,0,0.064,236,0.272,4,grid emergency (ERCOT load shed),424
48169,Garza,0.0,0,0.282,11,0.357,59,0.007,2,0.021,3,0.001,1,0.002,3,0.0,0,0.0,0,0.308,136,0.021,3,high winds / severe thunderstorms,218
48171,Gillespie,0.0,1,0.207,17,0.034,31,0.0,1,0.003,8,0.003,6,0.012,5,0.001,1,0.011,5,0.044,86,0.685,18,grid emergency (ERCOT load shed),179
48173,Glasscock,0.002,2,0.066,16,0.21,83,0.002,3,0.014,11,0.008,5,0.013,17,0.001,1,0.0,0,0.335,302,0.348,8,grid emergency (ERCOT load shed),448
48175,Goliad,0.001,2,0.048,15,0.214,54,0.004,2,0.014,9,0.024,4,0.013,10,0.0,0,0.0,1,0.249,239,0.432,4,grid emergency (ERCOT load shed),340
48177,Gonzales,0.008,5,0.03,15,0.341,87,0.002,3,0.059,11,0.022,10,0.014,8,0.022,3,0.0,0,0.429,270,0.074,4,high winds / severe thunderstorms,416
48179,Gray,0.0,0,0.63,16,0.241,40,0.001,1,0.005,4,0.001,2,0.008,4,0.0,0,0.015,3,0.084,63,0.014,1,winter storm / ice,134
48181,Grayson,0.006,2,0.054,11,0.473,98,0.003,2,0.037,21,0.03,20,0.026,19,0.001,1,0.0,0,0.106,160,0.265,4,high winds / severe thunderstorms,338
48183,Gregg,0.0,0,0.044,14,0.502,134,0.003,5,0.128,43,0.223,61,0.011,15,0.0,2,0.0,0,0.083,275,0.005,3,high winds / severe thunderstorms,552
48185,Grimes,0.201,5,0.012,10,0.262,119,0.041,13,0.028,14,0.039,22,0.015,10,0.0,0,0.0,0,0.264,396,0.139,4,high winds / severe thunderstorms,593
48187,Guadalupe,0.001,1,0.021,7,0.328,51,0.0,0,0.049,11,0.006,2,0.016,2,0.0,0,0.0,0,0.265,101,0.314,4,high winds / severe thunderstorms,179
48189,Hale,0.0,0,0.371,8,0.249,53,0.009,1,0.024,6,0.003,2,0.034,4,0.0,0,0.0,0,0.26,89,0.051,2,winter storm / ice,165
48191,Hall,0.0,0,0.233,6,0.295,56,0.0,0,0.009,2,0.016,3,0.006,2,0.0,0,0.0,0,0.441,75,0.0,0,high winds / severe thunderstorms,144
48193,Hamilton,0.01,3,0.025,8,0.156,45,0.001,2,0.021,10,0.102,23,0.01,10,0.0,0,0.0,0,0.421,157,0.255,4,grid emergency (ERCOT load shed),262
48195,Hansford,0.001,1,0.301,12,0.518,43,0.003,1,0.008,3,0.0,0,0.005,3,0.001,1,0.0,0,0.165,74,0.0,0,high winds / severe thunderstorms,138
48197,Hardeman,0.055,4,0.165,8,0.139,37,0.001,1,0.003,2,0.007,4,0.121,11,0.0,0,0.01,5,0.284,118,0.216,4,grid emergency (ERCOT load shed),194
48199,Hardin,0.127,10,0.011,12,0.49,115,0.02,7,0.106,33,0.008,8,0.017,12,0.0,1,0.0,1,0.18,309,0.041,3,high winds / severe thunderstorms,511
48201,Harris,0.255,5,0.0,1,0.319,46,0.103,4,0.149,4,0.086,5,0.002,5,0.001,2,0.0,0,0.007,10,0.077,4,high winds / severe thunderstorms,86
48203,Harrison,0.004,1,0.02,10,0.445,111,0.037,15,0.043,29,0.341,49,0.018,17,0.0,0,0.0,0,0.088,210,0.004,2,high winds / severe thunderstorms,444
48205,Hartley,0.0,0,0.228,7,0.308,39,0.009,3,0.019,2,0.001,2,0.028,5,0.0,0,0.006,3,0.381,73,0.02,1,high winds / severe thunderstorms,135
48207,Haskell,0.0,0,0.18,13,0.177,65,0.004,4,0.007,7,0.0,0,0.009,12,0.0,0,0.0,0,0.297,169,0.325,3,grid emergency (ERCOT load shed),273
48209,Hays,0.002,3,0.228,16,0.074,57,0.0,1,0.035,17,0.009,12,0.01,12,0.001,2,0.004,2,0.157,218,0.48,4,grid emergency (ERCOT load shed),344
48211,Hemphill,0.0,0,0.547,10,0.187,13,0.0,0,0.003,2,0.0,0,0.021,2,0.0,0,0.005,1,0.237,20,0.0,0,winter storm / ice,48
48213,Henderson,0.005,2,0.17,21,0.301,104,0.031,13,0.019,15,0.088,46,0.046,20,0.001,1,0.0,0,0.133,245,0.205,6,high winds / severe thunderstorms,473
48215,Hidalgo,0.22,3,0.016,3,0.293,28,0.0,0,0.067,8,0.0,2,0.01,6,0.0,0,0.0,0,0.024,23,0.37,4,grid emergency (ERCOT load shed),77
48217,Hill,0.0,0,0.058,10,0.226,70,0.026,7,0.04,10,0.068,41,0.045,21,0.0,0,0.0,1,0.211,193,0.326,4,grid emergency (ERCOT load shed),357
48219,Hockley,0.001,1,0.117,7,0.631,56,0.001,1,0.016,5,0.003,3,0.004,7,0.0,0,0.0,0,0.196,113,0.031,3,high winds / severe thunderstorms,196
48221,Hood,0.0,0,0.03,12,0.166,54,0.002,2,0.018,11,0.051,29,0.013,4,0.007,1,0.002,1,0.205,144,0.505,4,grid emergency (ERCOT load shed),262
48223,Hopkins,0.0,0,0.237,22,0.42,82,0.01,4,0.015,10,0.101,36,0.01,11,0.0,0,0.0,0,0.113,183,0.093,3,high winds / severe thunderstorms,351
48225,Houston,0.024,4,0.12,11,0.307,123,0.144,9,0.009,10,0.025,25,0.018,26,0.001,2,0.0,0,0.188,304,0.164,7,high winds / severe thunderstorms,521
48227,Howard,0.0,0,0.05,5,0.218,38,0.0,0,0.03,6,0.0,1,0.035,10,0.0,0,0.0,0,0.238,75,0.428,4,grid emergency (ERCOT load shed),139
48229,Hudspeth,0.039,3,0.002,2,0.138,70,0.008,4,0.052,26,0.011,7,0.003,3,0.002,1,0.0,0,0.745,469,0.0,0,high winds / severe thunderstorms,585
48231,Hunt,0.006,5,0.2,22,0.309,91,0.005,3,0.025,20,0.03,30,0.024,13,0.0,0,0.0,0,0.156,193,0.245,4,high winds / severe thunderstorms,381
48233,Hutchinson,0.003,2,0.2,24,0.532,93,0.007,4,0.002,3,0.001,2,0.021,18,0.001,1,0.036,12,0.193,145,0.004,1,high winds / severe thunderstorms,305
48235,Irion,0.0,1,0.085,21,0.123,48,0.006,2,0.021,14,0.006,3,0.017,12,0.0,1,0.0,1,0.286,210,0.455,4,grid emergency (ERCOT load shed),317
48237,Jack,0.007,4,0.089,13,0.331,64,0.113,4,0.018,14,0.069,38,0.015,12,0.0,0,0.0,0,0.288,194,0.069,4,high winds / severe thunderstorms,347
48239,Jackson,0.125,7,0.01,6,0.338,49,0.016,3,0.02,6,0.03,1,0.001,1,0.0,1,0.0,0,0.183,69,0.275,5,high winds / severe thunderstorms,148
48241,Jasper,0.418,3,0.024,1,0.181,14,0.031,1,0.016,4,0.0,0,0.014,2,0.0,0,0.0,0,0.315,32,0.0,0,hurricane / tropical storm,57
48243,Jeff Davis,0.001,1,0.045,2,0.093,34,0.0,0,0.003,2,0.02,4,0.054,9,0.0,0,0.005,1,0.382,143,0.397,3,grid emergency (ERCOT load shed),199
48245,Jefferson,0.634,27,0.004,12,0.175,99,0.01,10,0.04,30,0.003,8,0.008,10,0.001,1,0.0,1,0.096,306,0.028,4,hurricane / tropical storm,508
48247,Jim Hogg,0.038,8,0.181,13,0.249,43,0.0,1,0.005,5,0.0,0,0.008,6,0.0,0,0.0,0,0.451,229,0.067,4,high winds / severe thunderstorms,309
48249,Jim Wells,0.027,6,0.024,15,0.226,72,0.004,3,0.012,17,0.033,19,0.014,6,0.0,0,0.001,3,0.257,218,0.401,4,grid emergency (ERCOT load shed),363
48251,Johnson,0.0,0,0.019,13,0.352,78,0.005,5,0.032,14,0.05,34,0.018,15,0.001,1,0.0,0,0.13,164,0.393,5,grid emergency (ERCOT load shed),329
48253,Jones,0.001,1,0.036,15,0.426,86,0.004,2,0.006,7,0.0,2,0.013,12,0.0,0,0.0,0,0.173,179,0.341,4,high winds / severe thunderstorms,308
48255,Karnes,0.001,2,0.028,11,0.227,47,0.001,2,0.022,8,0.005,3,0.035,7,0.0,0,0.001,2,0.337,169,0.344,5,grid emergency (ERCOT load shed),256
48257,Kaufman,0.002,2,0.032,18,0.523,76,0.017,6,0.029,19,0.041,46,0.022,18,0.0,0,0.0,0,0.131,207,0.203,5,high winds / severe thunderstorms,397
48259,Kendall,0.001,1,0.346,25,0.066,38,0.001,1,0.015,16,0.01,7,0.02,7,0.0,0,0.0,1,0.184,147,0.357,4,grid emergency (ERCOT load shed),247
48261,Kenedy,0.217,8,0.028,12,0.224,49,0.0,0,0.009,5,0.015,8,0.006,4,0.0,0,0.006,6,0.372,207,0.123,3,high winds / severe thunderstorms,302
48263,Kent,0.004,1,0.067,3,0.51,22,0.046,4,0.0,1,0.0,0,0.069,3,0.0,0,0.0,0,0.212,40,0.093,1,high winds / severe thunderstorms,75
48265,Kerr,0.0,0,0.233,23,0.097,37,0.0,1,0.057,10,0.001,3,0.004,5,0.0,0,0.0,0,0.096,108,0.51,4,grid emergency (ERCOT load shed),191
48267,Kimble,0.0,0,0.145,19,0.161,48,0.011,2,0.108,22,0.0,0,0.093,10,0.001,1,0.0,1,0.311,153,0.171,4,grid emergency (ERCOT load shed),260
48269,King,0.0,0,0.114,6,0.361,30,0.007,1,0.0,0,0.006,1,0.0,2,0.0,0,0.0,0,0.511,67,0.0,0,high winds / severe thunderstorms,107
48271,Kinney,0.007,3,0.02,3,0.125,33,0.001,1,0.095,11,0.002,4,0.013,7,0.001,1,0.0,0,0.339,182,0.399,4,grid emergency (ERCOT load shed),249
48273,Kleberg,0.094,5,0.029,13,0.443,41,0.009,1,0.045,7,0.028,12,0.0,0,0.0,0,0.0,0,0.25,123,0.102,4,high winds / severe thunderstorms,206
48275,Knox,0.0,0,0.239,8,0.36,69,0.0,0,0.004,6,0.006,5,0.004,7,0.0,0,0.001,1,0.225,143,0.16,4,high winds / severe thunderstorms,243
48277,Lamar,0.002,1,0.114,11,0.361,58,0.075,4,0.017,7,0.047,22,0.022,11,0.0,0,0.0,0,0.185,100,0.178,4,high winds / severe thunderstorms,218
48279,Lamb,0.0,0,0.232,2,0.482,31,0.0,0,0.0,0,0.002,1,0.003,1,0.0,0,0.0,0,0.272,52,0.009,1,high winds / severe thunderstorms,88
48281,Lampasas,0.002,1,0.021,2,0.178,28,0.0,0,0.045,6,0.069,9,0.032,5,0.0,0,0.0,0,0.119,29,0.533,4,grid emergency (ERCOT load shed),84
48283,La Salle,0.004,5,0.018,12,0.149,68,0.0,0,0.017,9,0.01,15,0.012,6,0.0,0,0.005,4,0.243,254,0.543,4,grid emergency (ERCOT load shed),377
48285,Lavaca,0.004,2,0.021,13,0.211,75,0.004,3,0.026,17,0.006,7,0.035,11,0.007,4,0.0,0,0.307,281,0.379,5,grid emergency (ERCOT load shed),418
48287,Lee,0.003,3,0.259,16,0.149,65,0.005,2,0.013,10,0.007,7,0.008,12,0.0,0,0.0,0,0.239,219,0.315,4,grid emergency (ERCOT load shed),338
48289,Leon,0.023,4,0.254,25,0.258,131,0.014,6,0.033,25,0.059,45,0.03,13,0.0,1,0.0,0,0.141,285,0.188,8,high winds / severe thunderstorms,543
48291,Liberty,0.164,8,0.014,13,0.202,116,0.066,16,0.198,23,0.049,26,0.004,6,0.0,1,0.0,0,0.174,412,0.129,4,high winds / severe thunderstorms,625
48293,Limestone,0.002,3,0.323,22,0.229,119,0.027,9,0.04,27,0.027,54,0.01,18,0.002,1,0.0,0,0.116,308,0.225,7,winter storm / ice,568
48295,Lipscomb,0.0,0,0.369,15,0.247,26,0.0,0,0.0,0,0.0,0,0.009,1,0.0,0,0.0,0,0.376,54,0.0,0,winter storm / ice,96
48297,Live Oak,0.003,5,0.05,20,0.129,69,0.023,6,0.035,20,0.039,12,0.011,10,0.001,1,0.001,2,0.273,284,0.435,4,grid emergency (ERCOT load shed),433
48299,Llano,0.0,2,0.069,16,0.048,37,0.002,1,0.007,9,0.008,8,0.009,9,0.001,1,0.001,3,0.091,105,0.766,4,grid emergency (ERCOT load shed),195
48301,Loving,0.001,1,0.021,2,0.223,55,0.002,3,0.015,4,0.007,6,0.018,8,0.004,1,0.0,0,0.597,358,0.112,4,high winds / severe thunderstorms,442
48303,Lubbock,0.037,4,0.109,8,0.405,49,0.0,0,0.011,4,0.003,1,0.213,9,0.0,0,0.0,0,0.21,78,0.013,1,high winds / severe thunderstorms,154
48305,Lynn,0.002,2,0.402,19,0.284,62,0.002,2,0.004,5,0.005,4,0.025,18,0.0,0,0.0,0,0.225,141,0.05,3,winter storm / ice,256
48307,McCulloch,0.0,0,0.024,6,0.209,49,0.006,4,0.043,8,0.0,1,0.136,14,0.0,0,0.0,0,0.221,92,0.36,4,grid emergency (ERCOT load shed),178
48309,McLennan,0.001,1,0.035,11,0.327,80,0.006,5,0.016,15,0.029,19,0.024,14,0.004,2,0.0,0,0.096,142,0.462,5,grid emergency (ERCOT load shed),294
48311,McMullen,0.037,5,0.011,6,0.136,43,0.001,1,0.019,12,0.006,3,0.059,7,0.0,0,0.0,0,0.454,163,0.278,4,grid emergency (ERCOT load shed),244
48313,Madison,0.114,6,0.057,9,0.299,100,0.089,9,0.025,20,0.009,8,0.043,10,0.0,1,0.0,0,0.222,287,0.142,6,high winds / severe thunderstorms,456
48315,Marion,0.004,2,0.005,9,0.363,120,0.017,13,0.01,10,0.427,56,0.03,9,0.0,1,0.0,0,0.127,261,0.017,2,extreme heat,483
48317,Martin,0.003,6,0.036,14,0.21,97,0.0,1,0.015,10,0.006,8,0.024,18,0.005,1,0.0,0,0.368,421,0.333,6,grid emergency (ERCOT load shed),582
48319,Mason,0.0,0,0.094,8,0.092,43,0.0,0,0.008,7,0.0,1,0.02,12,0.005,1,0.0,0,0.114,110,0.666,5,grid emergency (ERCOT load shed),187
48321,Matagorda,0.385,16,0.022,10,0.132,69,0.023,8,0.027,20,0.02,9,0.005,6,0.0,0,0.0,0,0.123,217,0.263,5,hurricane / tropical storm,360
48323,Maverick,0.001,1,0.009,5,0.196,54,0.003,2,0.018,11,0.005,2,0.004,5,0.0,0,0.0,0,0.222,148,0.542,6,grid emergency (ERCOT load shed),234
48325,Medina,0.0,0,0.027,12,0.216,74,0.001,2,0.044,21,0.004,6,0.009,11,0.0,0,0.002,2,0.169,241,0.528,4,grid emergency (ERCOT load shed),373
48327,Menard,0.0,0,0.041,6,0.154,56,0.0,0,0.043,16,0.01,4,0.015,8,0.0,0,0.0,0,0.353,145,0.385,4,grid emergency (ERCOT load shed),239
48329,Midland,0.0,0,0.018,4,0.182,48,0.004,2,0.025,9,0.003,1,0.006,4,0.0,0,0.0,0,0.111,66,0.65,4,grid emergency (ERCOT load shed),138
48331,Milam,0.0,1,0.45,24,0.187,81,0.023,11,0.008,10,0.041,32,0.007,6,0.0,0,0.0,0,0.135,179,0.149,8,winter storm / ice,352
48333,Mills,0.003,2,0.035,4,0.277,24,0.0,0,0.039,7,0.108,17,0.021,4,0.0,0,0.0,0,0.275,49,0.241,3,high winds / severe thunderstorms,110
48335,Mitchell,0.002,3,0.04,13,0.333,93,0.003,1,0.042,14,0.013,7,0.026,15,0.0,0,0.0,0,0.31,255,0.233,5,high winds / severe thunderstorms,406
48337,Montague,0.01,3,0.025,11,0.163,69,0.075,5,0.009,11,0.041,33,0.063,17,0.0,0,0.0,0,0.272,170,0.341,4,grid emergency (ERCOT load shed),323
48339,Montgomery,0.286,9,0.007,10,0.283,119,0.08,11,0.095,17,0.034,14,0.005,10,0.002,3,0.0,0,0.084,315,0.126,5,hurricane / tropical storm,513
48341,Moore,0.0,0,0.364,18,0.403,48,0.0,0,0.005,3,0.007,3,0.007,6,0.0,0,0.005,3,0.16,109,0.049,2,high winds / severe thunderstorms,192
48343,Morris,0.005,3,0.04,17,0.445,106,0.092,14,0.011,15,0.254,63,0.013,10,0.0,0,0.0,0,0.13,226,0.01,4,high winds / severe thunderstorms,458
48345,Motley,0.0,0,0.396,7,0.442,42,0.0,0,0.015,5,0.0,0,0.007,6,0.0,0,0.0,0,0.14,97,0.0,0,high winds / severe thunderstorms,157
48347,Nacogdoches,0.059,3,0.269,19,0.333,110,0.013,6,0.031,19,0.032,51,0.011,10,0.0,0,0.0,0,0.082,157,0.17,4,high winds / severe thunderstorms,379
48349,Navarro,0.0,0,0.039,8,0.432,56,0.002,1,0.027,12,0.061,18,0.008,3,0.0,0,0.0,0,0.096,70,0.335,4,high winds / severe thunderstorms,172
48351,Newton,0.184,4,0.0,0,0.436,12,0.0,0,0.005,2,0.0,0,0.0,0,0.0,0,0.0,0,0.368,43,0.006,2,high winds / severe thunderstorms,63
48353,Nolan,0.002,2,0.182,21,0.314,80,0.01,4,0.016,11,0.0,0,0.023,9,0.0,0,0.001,1,0.263,191,0.189,6,high winds / severe thunderstorms,325
48355,Nueces,0.148,11,0.041,17,0.121,66,0.007,7,0.034,28,0.015,19,0.008,10,0.0,1,0.0,0,0.209,235,0.417,4,grid emergency (ERCOT load shed),398
48357,Ochiltree,0.002,1,0.07,4,0.122,28,0.685,16,0.0,0,0.0,0,0.0,0,0.0,0,0.016,3,0.105,34,0.0,0,tornado,86
48359,Oldham,0.0,1,0.175,8,0.453,49,0.002,1,0.003,3,0.006,1,0.017,8,0.001,2,0.004,3,0.265,90,0.073,1,high winds / severe thunderstorms,167
48361,Orange,0.72,19,0.009,13,0.088,81,0.048,8,0.024,22,0.005,9,0.005,8,0.0,0,0.0,0,0.092,257,0.01,2,hurricane / tropical storm,419
48363,Palo Pinto,0.004,4,0.052,19,0.239,85,0.018,9,0.021,14,0.04,40,0.019,13,0.0,0,0.001,3,0.347,262,0.26,4,grid emergency (ERCOT load shed),453
48365,Panola,0.029,4,0.081,17,0.509,112,0.096,17,0.037,17,0.084,46,0.026,12,0.0,0,0.0,0,0.126,215,0.012,4,high winds / severe thunderstorms,444
48367,Parker,0.0,0,0.066,16,0.191,79,0.002,2,0.012,8,0.066,30,0.023,22,0.004,1,0.0,0,0.117,191,0.52,4,grid emergency (ERCOT load shed),353
48369,Parmer,0.003,4,0.042,21,0.457,102,0.0,0,0.023,10,0.002,2,0.021,9,0.0,0,0.0,1,0.44,287,0.013,3,high winds / severe thunderstorms,439
48371,Pecos,0.0,1,0.031,8,0.241,134,0.029,15,0.011,16,0.006,7,0.031,26,0.002,2,0.0,0,0.369,401,0.281,5,grid emergency (ERCOT load shed),615
48373,Polk,0.262,6,0.005,7,0.38,89,0.132,9,0.064,21,0.008,16,0.008,9,0.0,0,0.0,0,0.113,268,0.028,4,high winds / severe thunderstorms,429
48375,Potter,0.0,0,0.15,12,0.534,64,0.002,1,0.057,19,0.004,3,0.032,14,0.0,0,0.011,4,0.159,130,0.051,2,high winds / severe thunderstorms,249
48377,Presidio,0.0,1,0.005,1,0.328,25,0.001,1,0.005,3,0.003,3,0.076,8,0.0,0,0.006,1,0.549,164,0.028,2,high winds / severe thunderstorms,209
48379,Rains,0.001,1,0.036,8,0.398,60,0.006,2,0.006,7,0.158,17,0.003,4,0.0,0,0.0,0,0.208,87,0.183,3,high winds / severe thunderstorms,189
48381,Randall,0.001,1,0.131,12,0.623,64,0.014,5,0.005,6,0.001,1,0.015,11,0.0,0,0.007,2,0.155,120,0.048,3,high winds / severe thunderstorms,225
48383,Reagan,0.004,5,0.042,11,0.18,98,0.004,5,0.024,11,0.054,6,0.046,25,0.001,1,0.0,0,0.405,388,0.24,8,grid emergency (ERCOT load shed),558
48385,Real,0.003,3,0.106,9,0.112,36,0.005,1,0.022,12,0.007,4,0.008,5,0.001,1,0.0,1,0.346,164,0.391,4,grid emergency (ERCOT load shed),240
48387,Red River,0.002,2,0.129,10,0.173,62,0.108,10,0.014,12,0.058,30,0.011,10,0.002,1,0.0,0,0.112,98,0.391,4,grid emergency (ERCOT load shed),239
48389,Reeves,0.001,3,0.014,7,0.149,75,0.008,3,0.068,20,0.007,10,0.068,33,0.01,2,0.001,1,0.521,547,0.153,5,grid emergency (ERCOT load shed),706
48391,Refugio,0.006,3,0.042,18,0.163,65,0.022,4,0.029,11,0.002,3,0.016,9,0.001,1,0.001,3,0.403,281,0.315,4,grid emergency (ERCOT load shed),402
48393,Roberts,0.0,0,0.5,19,0.181,25,0.027,4,0.004,2,0.002,2,0.0,1,0.0,1,0.077,7,0.208,75,0.0,0,winter storm / ice,136
48395,Robertson,0.0,1,0.378,21,0.103,100,0.122,12,0.007,12,0.076,64,0.018,25,0.0,0,0.0,0,0.148,286,0.148,8,winter storm / ice,529
48397,Rockwall,0.001,2,0.016,6,0.418,49,0.015,3,0.014,9,0.026,14,0.007,4,0.0,0,0.0,0,0.151,129,0.351,4,high winds / severe thunderstorms,220
48399,Runnels,0.0,0,0.194,6,0.268,36,0.039,5,0.023,3,0.007,3,0.049,14,0.0,0,0.0,0,0.238,97,0.183,3,high winds / severe thunderstorms,167
48401,Rusk,0.001,2,0.091,16,0.623,183,0.042,11,0.011,13,0.076,66,0.014,11,0.0,0,0.0,0,0.129,322,0.013,3,high winds / severe thunderstorms,627
48403,Sabine,0.0,0,0.0,0,0.419,24,0.049,2,0.002,1,0.195,18,0.006,1,0.0,0,0.0,0,0.328,72,0.0,0,high winds / severe thunderstorms,118
48405,San Augustine,0.0,0,0.0,0,0.665,16,0.002,1,0.0,0,0.037,10,0.013,4,0.0,0,0.0,0,0.283,45,0.0,0,high winds / severe thunderstorms,76
48407,San Jacinto,0.189,5,0.013,14,0.23,116,0.076,7,0.188,26,0.058,21,0.004,10,0.0,0,0.0,1,0.189,372,0.053,4,high winds / severe thunderstorms,576
48409,San Patricio,0.054,7,0.019,10,0.137,68,0.001,2,0.034,23,0.017,9,0.011,5,0.0,0,0.002,1,0.21,241,0.514,6,grid emergency (ERCOT load shed),372
48411,San Saba,0.0,0,0.025,6,0.219,46,0.004,1,0.051,9,0.003,1,0.021,10,0.003,1,0.0,0,0.241,102,0.433,4,grid emergency (ERCOT load shed),180
48413,Schleicher,0.0,0,0.113,8,0.192,22,0.007,1,0.051,6,0.001,1,0.006,3,0.009,1,0.0,0,0.607,82,0.015,2,high winds / severe thunderstorms,126
48415,Scurry,0.0,0,0.052,6,0.428,48,0.006,2,0.011,6,0.0,0,0.051,10,0.0,0,0.0,0,0.291,89,0.16,4,high winds / severe thunderstorms,165
48417,Shackelford,0.009,3,0.132,11,0.193,62,0.056,6,0.013,10,0.002,2,0.027,6,0.001,1,0.0,0,0.536,188,0.031,3,high winds / severe thunderstorms,292
48419,Shelby,0.096,4,0.081,11,0.265,56,0.083,10,0.07,20,0.198,44,0.009,5,0.0,1,0.0,0,0.127,99,0.069,3,high winds / severe thunderstorms,253
48421,Sherman,0.0,0,0.118,4,0.342,23,0.0,0,0.0,0,0.0,1,0.05,4,0.0,0,0.0,0,0.488,42,0.001,1,high winds / severe thunderstorms,75
48423,Smith,0.011,2,0.204,19,0.52,111,0.014,13,0.031,23,0.036,35,0.003,6,0.001,3,0.0,0,0.042,117,0.137,4,high winds / severe thunderstorms,333
48425,Somervell,0.0,0,0.022,6,0.206,51,0.008,3,0.016,9,0.046,14,0.017,3,0.0,0,0.001,1,0.28,117,0.403,4,grid emergency (ERCOT load shed),208
48427,Starr,0.216,9,0.024,11,0.107,36,0.005,2,0.036,10,0.004,5,0.012,8,0.0,0,0.001,2,0.245,170,0.349,4,grid emergency (ERCOT load shed),257
48429,Stephens,0.001,1,0.089,13,0.185,67,0.014,4,0.005,4,0.032,27,0.028,10,0.0,0,0.001,1,0.257,149,0.388,4,grid emergency (ERCOT load shed),280
48431,Sterling,0.014,5,0.087,13,0.117,47,0.007,5,0.045,10,0.019,7,0.051,15,0.0,0,0.0,0,0.454,189,0.205,8,grid emergency (ERCOT load shed),299
48433,Stonewall,0.001,1,0.093,5,0.327,42,0.012,3,0.018,6,0.0,0,0.041,8,0.0,0,0.0,0,0.508,112,0.0,0,high winds / severe thunderstorms,177
48435,Sutton,0.003,2,0.041,13,0.116,41,0.007,2,0.01,14,0.011,5,0.074,11,0.0,0,0.0,0,0.374,177,0.364,4,grid emergency (ERCOT load shed),269
48437,Swisher,0.0,0,0.621,8,0.235,23,0.039,2,0.005,1,0.002,1,0.005,2,0.0,0,0.0,0,0.087,24,0.006,1,winter storm / ice,62
48439,Tarrant,0.0,0,0.003,1,0.318,51,0.001,1,0.013,6,0.0,1,0.006,4,0.0,0,0.0,0,0.004,4,0.655,5,grid emergency (ERCOT load shed),73
48441,Taylor,0.002,3,0.059,26,0.163,94,0.024,6,0.023,26,0.004,12,0.014,20,0.001,1,0.003,6,0.177,344,0.53,4,grid emergency (ERCOT load shed),542
48443,Terrell,0.001,1,0.0,0,0.193,45,0.024,7,0.164,11,0.004,6,0.057,11,0.006,1,0.0,0,0.551,227,0.0,0,high winds / severe thunderstorms,309
48445,Terry,0.001,3,0.37,19,0.212,62,0.003,2,0.008,6,0.0,1,0.022,9,0.0,1,0.0,0,0.372,224,0.01,2,winter storm / ice,329
48447,Throckmorton,0.022,4,0.03,5,0.259,50,0.001,2,0.007,3,0.01,5,0.024,9,0.0,0,0.0,0,0.22,119,0.426,3,grid emergency (ERCOT load shed),200
48449,Titus,0.012,2,0.041,12,0.466,81,0.013,7,0.021,15,0.271,50,0.012,12,0.0,1,0.0,0,0.155,193,0.01,3,high winds / severe thunderstorms,376
48451,Tom Green,0.003,4,0.011,9,0.176,79,0.071,3,0.035,15,0.002,4,0.008,9,0.001,1,0.0,0,0.168,177,0.525,4,grid emergency (ERCOT load shed),305
48453,Travis,0.0,0,0.408,17,0.095,43,0.0,0,0.008,11,0.004,5,0.004,5,0.0,0,0.0,1,0.009,26,0.472,4,grid emergency (ERCOT load shed),112
48455,Trinity,0.11,9,0.033,11,0.308,113,0.058,7,0.075,23,0.019,23,0.099,21,0.0,0,0.0,1,0.187,387,0.109,5,high winds / severe thunderstorms,600
48457,Tyler,0.085,8,0.01,9,0.499,128,0.013,11,0.048,23,0.003,10,0.017,20,0.0,1,0.0,0,0.291,445,0.033,5,high winds / severe thunderstorms,660
48459,Upshur,0.02,2,0.028,17,0.459,142,0.042,10,0.021,17,0.304,53,0.011,15,0.0,1,0.0,0,0.105,309,0.01,2,high winds / severe thunderstorms,568
48461,Upton,0.001,1,0.024,7,0.102,58,0.04,5,0.055,8,0.006,3,0.034,11,0.0,0,0.0,0,0.478,330,0.259,8,grid emergency (ERCOT load shed),431
48463,Uvalde,0.003,5,0.005,6,0.144,72,0.002,2,0.019,17,0.004,8,0.027,16,0.001,1,0.0,1,0.353,280,0.441,4,grid emergency (ERCOT load shed),412
48465,Val Verde,0.002,2,0.029,11,0.153,48,0.003,6,0.016,10,0.003,5,0.011,12,0.0,0,0.009,8,0.228,185,0.545,4,grid emergency (ERCOT load shed),291
48467,Van Zandt,0.002,2,0.05,23,0.599,141,0.02,7,0.018,17,0.079,59,0.003,8,0.0,0,0.0,0,0.163,313,0.066,4,high winds / severe thunderstorms,574
48469,Victoria,0.008,2,0.035,6,0.212,40,0.004,3,0.024,5,0.012,8,0.009,3,0.0,0,0.0,0,0.219,106,0.476,4,grid emergency (ERCOT load shed),177
48471,Walker,0.171,6,0.024,11,0.416,138,0.054,16,0.042,31,0.012,18,0.01,14,0.0,1,0.0,0,0.171,456,0.1,5,high winds / severe thunderstorms,696
48473,Waller,0.086,7,0.004,6,0.59,76,0.013,5,0.003,6,0.026,13,0.006,6,0.001,1,0.0,1,0.031,117,0.239,4,high winds / severe thunderstorms,242
48475,Ward,0.0,1,0.013,4,0.281,41,0.005,4,0.019,6,0.009,5,0.011,5,0.001,1,0.0,0,0.494,254,0.166,3,high winds / severe thunderstorms,324
48477,Washington,0.076,4,0.032,12,0.333,92,0.001,1,0.017,10,0.002,2,0.013,10,0.0,0,0.003,1,0.248,219,0.274,4,high winds / severe thunderstorms,355
48479,Webb,0.003,4,0.019,11,0.168,39,0.0,1,0.055,17,0.02,6,0.017,10,0.0,1,0.0,0,0.178,153,0.54,4,grid emergency (ERCOT load shed),246
48481,Wharton,0.149,7,0.007,6,0.151,55,0.031,5,0.031,11,0.058,7,0.003,3,0.0,0,0.0,0,0.047,75,0.523,5,grid emergency (ERCOT load shed),174
48483,Wheeler,0.0,1,0.389,13,0.219,28,0.003,1,0.036,7,0.009,4,0.004,6,0.016,1,0.014,7,0.31,96,0.0,0,winter storm / ice,164
48485,Wichita,0.004,1,0.034,4,0.421,44,0.002,2,0.001,1,0.03,4,0.009,5,0.0,0,0.0,0,0.106,70,0.391,3,high winds / severe thunderstorms,134
48487,Wilbarger,0.014,3,0.373,7,0.197,46,0.089,12,0.015,7,0.003,9,0.005,5,0.0,0,0.0,0,0.293,113,0.01,2,winter storm / ice,204
48489,Willacy,0.26,8,0.031,16,0.1,36,0.002,2,0.281,20,0.008,8,0.013,6,0.0,0,0.001,1,0.137,162,0.167,4,flooding,263
48491,Williamson,0.0,0,0.33,29,0.103,62,0.002,3,0.014,13,0.009,12,0.024,17,0.0,0,0.0,1,0.082,158,0.436,4,grid emergency (ERCOT load shed),299
48493,Wilson,0.008,3,0.093,5,0.118,25,0.014,4,0.016,4,0.005,3,0.237,10,0.0,0,0.0,0,0.427,106,0.08,3,hail,163
48495,Winkler,0.0,0,0.003,2,0.403,38,0.004,1,0.026,3,0.007,2,0.022,5,0.0,0,0.0,0,0.525,150,0.011,1,high winds / severe thunderstorms,202
48497,Wise,0.0,0,0.073,24,0.211,80,0.014,5,0.056,21,0.035,24,0.026,18,0.003,1,0.0,0,0.232,209,0.349,4,grid emergency (ERCOT load shed),386
48499,Wood,0.01,4,0.038,21,0.516,135,0.049,10,0.025,23,0.144,61,0.006,8,0.0,0,0.0,0,0.206,352,0.005,2,high winds / severe thunderstorms,616
48501,Yoakum,0.02,1,0.159,15,0.25,53,0.001,1,0.001,2,0.001,2,0.041,8,0.0,0,0.0,0,0.509,155,0.019,2,high winds / severe thunderstorms,239
48503,Young,0.0,0,0.024,7,0.184,52,0.007,2,0.006,5,0.019,12,0.034,14,0.0,0,0.0,0,0.176,92,0.551,4,grid emergency (ERCOT load shed),188
48505,Zapata,0.002,2,0.035,5,0.191,35,0.001,1,0.027,6,0.012,4,0.007,5,0.0,1,0.0,0,0.206,158,0.519,4,grid emergency (ERCOT load shed),221
48507,Zavala,0.015,1,0.0,0,0.12,5,0.011,2,0.0,0,0.0,0,0.009,1,0.0,0,0.0,0,0.122,17,0.722,4,grid emergency (ERCOT load shed),30
