county_fips,avg_outage_hours,major_outages,median_restore_hours,p90_restore_hours,longest_restore_hours,longest_restore_start,county
48001,3.6,83,4.8,25.5,59.5,2021-02-18,Anderson
48003,2.74,33,0.5,5.2,26.0,2021-02-16,Andrews
48005,3.93,61,5.0,19.2,93.0,2021-02-18,Angelina
48007,3.0,102,0.8,5.0,60.5,2021-02-15,Aransas
48009,3.86,26,1.1,7.0,45.8,2021-02-15,Archer
48011,3.3,24,1.0,6.2,25.8,2020-10-29,Armstrong
48013,2.4,93,0.5,5.2,39.0,2021-02-16,Atascosa
48015,6.17,23,11.2,49.0,63.5,2023-06-21,Austin
48017,2.73,13,0.8,5.2,12.2,2025-03-14,Bailey
48019,2.07,49,0.8,5.2,28.2,2021-02-15,Bandera
48021,2.32,98,1.0,6.0,74.2,2023-02-01,Bastrop
48023,2.21,27,0.8,5.8,44.8,2025-04-29,Baylor
48025,2.24,129,1.0,4.5,24.8,2021-02-17,Bee
48027,5.24,16,20.2,56.5,58.5,2023-02-02,Bell
48029,3.41,2,20.4,40.2,40.2,2021-02-16,Bexar
48031,3.29,64,1.0,5.0,66.5,2023-02-03,Blanco
48033,2.84,1,12.8,12.8,12.8,2020-10-28,Borden
48035,2.22,99,1.0,4.5,26.5,2021-02-17,Bosque
48037,2.99,13,10.5,41.8,59.0,2025-03-04,Bowie
48039,5.56,12,16.6,51.5,152.8,2024-07-08,Brazoria
48041,2.23,28,0.8,5.0,16.0,2019-06-16,Brazos
48043,4.21,108,1.0,6.2,23.8,2021-02-16,Brewster
48045,3.11,11,2.0,5.5,71.8,2020-10-27,Briscoe
48047,3.57,46,1.5,7.8,46.0,2021-02-16,Brooks
48049,2.84,46,1.8,7.8,72.0,2021-02-15,Brown
48051,2.12,167,0.8,5.5,52.0,2023-02-01,Burleson
48053,2.14,115,0.5,4.0,39.0,2023-02-02,Burnet
48055,1.79,44,1.0,10.8,43.2,2021-02-15,Caldwell
48057,3.93,85,1.5,5.5,45.5,2021-02-16,Calhoun
48059,2.17,105,1.0,5.0,29.5,2021-02-16,Callahan
48061,3.54,10,17.4,52.0,71.0,2021-02-15,Cameron
48063,4.75,73,2.0,18.0,77.8,2023-06-19,Camp
48065,4.49,53,1.5,11.0,91.8,2020-11-02,Carson
48067,3.75,182,1.8,19.5,127.8,2023-06-16,Cass
48069,2.03,44,1.4,6.0,19.8,2021-02-04,Castro
48071,5.2,37,6.5,24.5,139.2,2024-07-08,Chambers
48073,3.55,95,3.2,25.8,77.8,2024-05-28,Cherokee
48075,3.47,30,1.0,3.5,68.0,2021-02-15,Childress
48077,3.12,48,1.4,8.0,40.8,2018-12-27,Clay
48079,3.01,4,1.5,4.2,4.2,2024-05-28,Cochran
48081,2.25,70,1.0,3.5,9.8,2024-05-03,Coke
48083,2.26,10,1.2,4.2,5.5,2025-05-31,Coleman
48085,3.33,10,12.9,45.2,55.0,2021-02-15,Collin
48087,2.36,23,2.0,4.0,6.0,2021-10-27,Collingsworth
48089,4.07,29,11.2,25.5,32.8,2024-07-08,Colorado
48091,2.2,53,0.5,5.2,46.2,2023-02-02,Comal
48093,3.73,91,1.5,10.0,89.8,2018-02-21,Comanche
48095,2.64,46,1.1,7.2,26.0,2021-01-01,Concho
48097,4.07,63,2.2,10.8,46.0,2021-02-16,Cooke
48099,4.99,41,1.0,19.5,52.5,2021-02-18,Coryell
48101,2.38,15,0.2,3.8,15.2,2020-10-28,Cottle
48103,3.3,23,1.5,10.8,17.5,2025-10-18,Crane
48105,2.61,26,1.8,3.5,5.2,2024-10-16,Crockett
48107,3.45,38,1.9,7.2,21.0,2020-10-28,Crosby
48109,3.59,43,0.5,4.2,12.2,2025-01-07,Culberson
48111,2.37,11,1.0,3.8,12.2,2021-01-20,Dallam
48113,5.8,9,33.5,70.0,89.2,2024-05-28,Dallas
48115,2.94,65,1.2,9.0,41.5,2021-06-26,Dawson
48117,2.32,67,1.2,7.8,33.5,2019-03-14,Deaf Smith
48119,2.38,47,1.5,13.2,25.2,2023-06-15,Delta
48121,3.66,5,32.2,57.5,57.5,2021-02-15,Denton
48123,2.51,50,0.8,8.5,29.5,2021-02-18,DeWitt
48125,2.38,7,1.8,6.8,35.0,2020-10-28,Dickens
48127,5.89,54,1.1,10.2,21.8,2021-02-17,Dimmit
48129,3.18,30,1.5,6.8,34.5,2020-10-28,Donley
48131,3.85,137,2.0,9.0,38.0,2021-05-18,Duval
48133,3.44,139,1.5,7.8,62.8,2022-03-18,Eastland
48135,2.9,4,7.0,53.5,53.5,2021-02-15,Ector
48137,3.36,60,1.2,6.2,46.0,2021-02-16,Edwards
48139,3.35,36,10.0,32.0,71.2,2021-02-15,Ellis
48141,1.46,3,1.5,8.5,8.5,2023-02-26,El Paso
48143,2.32,78,0.5,5.0,74.5,2018-02-22,Erath
48145,4.19,105,1.0,14.0,64.2,2023-02-02,Falls
48147,3.0,70,1.0,11.5,47.0,2021-02-16,Fannin
48149,1.38,13,1.8,5.5,22.5,2021-02-15,Fayette
48151,3.57,11,1.2,8.5,56.8,2023-06-22,Fisher
48153,3.39,30,1.2,4.5,80.0,2020-10-28,Floyd
48155,4.48,3,2.2,35.0,35.0,2020-10-28,Foard
48157,4.53,15,1.8,37.8,87.8,2024-07-10,Fort Bend
48159,4.55,118,1.8,9.8,104.0,2023-06-16,Franklin
48161,3.74,179,1.5,10.2,78.0,2023-02-01,Freestone
48163,2.89,58,1.5,7.0,47.8,2021-02-16,Frio
48165,1.7,62,1.2,5.2,42.5,2020-06-19,Gaines
48167,5.65,22,9.2,44.0,138.0,2024-07-08,Galveston
48169,2.28,40,0.8,7.2,44.5,2020-10-28,Garza
48171,8.4,77,0.8,5.2,215.8,2021-02-23,Gillespie
48173,3.32,15,1.2,19.8,43.5,2021-02-15,Glasscock
48175,3.81,28,1.4,12.5,49.2,2021-02-15,Goliad
48177,1.75,95,0.8,6.8,42.2,2021-02-15,Gonzales
48179,4.04,42,1.0,10.8,76.5,2020-11-02,Gray
48181,2.85,37,8.0,20.0,50.2,2021-02-15,Grayson
48183,5.48,91,5.0,24.0,131.8,2023-06-16,Gregg
48185,2.39,295,1.0,4.8,46.5,2024-07-08,Grimes
48187,1.48,7,3.5,13.0,34.8,2021-02-16,Guadalupe
48189,1.98,61,1.2,4.2,18.5,2020-10-28,Hale
48191,2.19,22,1.5,4.0,9.8,2020-10-28,Hall
48193,2.6,32,1.4,5.2,57.8,2021-02-15,Hamilton
48195,3.75,24,0.9,3.5,33.0,2020-10-29,Hansford
48197,2.67,36,1.4,9.2,50.8,2020-10-28,Hardeman
48199,3.5,133,2.5,15.5,41.8,2023-06-11,Hardin
48201,6.53,30,4.0,24.2,155.8,2024-07-10,Harris
48203,5.27,75,2.5,18.5,151.8,2023-06-16,Harrison
48205,2.42,6,1.1,1.5,3.8,2025-09-17,Hartley
48207,2.23,58,0.8,6.0,38.5,2020-10-28,Haskell
48209,2.09,72,0.5,3.2,73.5,2023-02-02,Hays
48211,3.02,11,1.5,11.0,13.5,2020-10-28,Hemphill
48213,3.05,52,7.9,29.2,45.8,2021-02-18,Henderson
48215,4.66,5,43.2,60.0,60.0,2021-02-15,Hidalgo
48217,2.71,108,1.5,10.0,49.8,2021-02-16,Hill
48219,2.76,47,0.8,5.0,39.2,2024-05-29,Hockley
48221,2.0,35,1.0,4.2,51.5,2021-02-15,Hood
48223,2.77,94,1.2,9.5,43.2,2023-06-16,Hopkins
48225,3.44,203,1.2,10.5,54.0,2021-02-18,Houston
48227,3.27,9,1.5,18.2,52.5,2021-02-15,Howard
48229,7.71,18,1.5,3.0,11.8,2025-07-13,Hudspeth
48231,2.09,69,1.0,15.2,58.5,2022-02-03,Hunt
48233,3.68,89,1.5,8.5,104.2,2020-10-29,Hutchinson
48235,4.58,34,1.4,4.8,65.5,2021-02-15,Irion
48237,2.37,73,0.8,4.2,40.5,2022-03-21,Jack
48239,2.85,71,1.8,6.8,65.8,2021-02-15,Jackson
48241,2.2,7,0.5,2.0,26.2,2020-08-27,Jasper
48243,4.55,29,1.0,4.2,56.5,2021-02-15,Jeff Davis
48245,6.3,52,8.5,39.8,75.5,2020-10-11,Jefferson
48247,2.91,36,2.2,7.2,16.2,2025-01-09,Jim Hogg
48249,3.03,111,1.2,7.5,42.0,2025-05-08,Jim Wells
48251,2.52,24,9.2,17.2,62.8,2021-02-15,Johnson
48253,2.92,85,0.8,7.8,64.5,2021-02-15,Jones
48255,2.54,63,1.2,4.2,60.5,2021-02-15,Karnes
48257,2.44,31,2.8,22.2,62.5,2024-05-28,Kaufman
48259,3.05,66,1.2,5.5,42.8,2021-02-20,Kendall
48261,3.11,7,0.5,1.5,60.0,2020-07-26,Kenedy
48263,2.99,3,0.8,1.5,1.5,2025-03-04,Kent
48265,4.74,28,1.9,40.2,121.2,2021-02-23,Kerr
48267,2.0,56,0.8,3.2,27.5,2021-02-15,Kimble
48269,2.36,0,,,,,King
48271,5.58,31,1.5,13.8,65.0,2021-02-15,Kinney
48273,3.05,80,1.5,5.0,41.0,2019-06-06,Kleberg
48275,2.69,22,4.5,28.2,46.2,2020-10-28,Knox
48277,2.59,37,1.5,16.5,42.8,2021-02-16,Lamar
48279,2.06,32,1.2,3.2,11.5,2019-03-13,Lamb
48281,2.41,23,1.0,3.2,39.5,2021-02-16,Lampasas
48283,3.95,25,1.5,10.5,68.2,2021-02-15,La Salle
48285,2.55,90,1.0,4.8,27.5,2021-02-15,Lavaca
48287,1.57,110,0.2,2.8,43.5,2023-02-02,Lee
48289,4.2,212,1.5,14.2,62.0,2023-02-02,Leon
48291,4.39,120,3.2,18.0,145.5,2024-07-08,Liberty
48293,4.34,173,1.8,13.0,74.8,2021-02-15,Limestone
48295,2.22,34,1.1,4.2,10.0,2022-03-22,Lipscomb
48297,3.45,81,1.8,7.8,57.0,2021-02-15,Live Oak
48299,4.06,57,0.8,4.2,44.0,2021-02-16,Llano
48301,2.88,8,0.5,1.5,1.5,2019-11-10,Loving
48303,1.56,16,1.9,7.5,9.5,2020-06-04,Lubbock
48305,3.06,61,0.8,9.8,46.0,2020-10-28,Lynn
48307,3.12,24,1.8,5.0,20.0,2025-05-23,McCulloch
48309,3.56,24,6.9,34.0,48.8,2021-02-16,McLennan
48311,2.99,8,2.8,5.2,6.5,2021-02-15,McMullen
48313,3.18,123,1.8,10.8,64.2,2024-07-08,Madison
48315,4.89,137,2.0,9.8,162.0,2023-06-16,Marion
48317,2.73,38,1.0,12.5,42.2,2021-06-26,Martin
48319,4.75,34,1.2,7.2,40.2,2021-02-16,Mason
48321,5.34,103,1.8,8.8,82.5,2024-07-08,Matagorda
48323,4.0,63,1.5,8.0,24.0,2021-02-18,Maverick
48325,3.29,107,1.5,7.0,41.2,2021-02-16,Medina
48327,2.82,28,1.5,4.5,45.0,2021-02-15,Menard
48329,3.36,4,10.6,55.0,55.0,2021-02-15,Midland
48331,5.12,71,1.2,15.2,87.0,2023-02-02,Milam
48333,3.51,1,18.5,18.5,18.5,2019-06-09,Mills
48335,3.11,69,1.5,6.0,31.0,2021-02-16,Mitchell
48337,2.75,76,1.2,7.0,40.8,2021-02-16,Montague
48339,5.45,31,11.2,30.5,145.5,2024-07-08,Montgomery
48341,3.27,71,1.0,8.5,75.0,2020-10-30,Moore
48343,4.69,87,1.8,20.2,142.0,2023-06-16,Morris
48345,3.2,16,0.5,25.8,38.5,2020-10-28,Motley
48347,5.42,37,8.2,33.5,101.0,2021-02-18,Nacogdoches
48349,3.36,20,2.8,19.5,28.0,2021-02-16,Navarro
48351,4.02,10,2.2,8.0,10.5,2025-05-27,Newton
48353,2.79,59,1.8,13.2,48.5,2021-02-15,Nolan
48355,3.28,32,3.0,12.2,69.8,2021-02-15,Nueces
48357,2.05,22,1.5,7.8,56.0,2023-06-16,Ochiltree
48359,3.21,9,3.2,28.2,42.5,2019-03-14,Oldham
48361,8.73,69,4.0,23.2,133.5,2020-08-30,Orange
48363,2.23,168,1.0,6.0,72.0,2021-02-15,Palo Pinto
48365,3.96,138,2.0,18.8,119.8,2023-06-19,Panola
48367,3.12,19,10.8,19.5,48.0,2021-02-16,Parker
48369,1.82,88,1.2,4.2,38.0,2024-09-21,Parmer
48371,3.27,70,0.8,3.8,20.2,2022-08-29,Pecos
48373,4.67,87,1.5,19.5,39.5,2024-07-11,Polk
48375,2.89,62,1.0,9.0,38.0,2019-03-14,Potter
48377,1.89,66,0.8,2.5,7.8,2024-01-09,Presidio
48379,1.18,118,0.5,2.5,28.8,2023-06-16,Rains
48381,2.87,60,0.8,6.5,47.2,2019-03-13,Randall
48383,3.83,18,1.1,23.8,44.8,2021-02-16,Reagan
48385,2.76,43,0.8,4.0,35.2,2021-02-16,Real
48387,4.37,63,1.8,12.5,54.2,2023-01-31,Red River
48389,2.45,90,0.8,3.8,26.0,2021-02-16,Reeves
48391,3.08,49,1.5,6.8,13.2,2021-02-17,Refugio
48393,4.88,8,3.0,5.2,104.5,2020-10-29,Roberts
48395,4.41,144,1.8,11.8,56.5,2023-02-02,Robertson
48397,2.89,27,1.8,14.8,60.2,2021-02-15,Rockwall
48399,1.76,59,0.5,3.8,55.5,2021-02-15,Runnels
48401,4.18,122,4.4,24.8,80.0,2024-05-28,Rusk
48403,1.79,35,1.2,5.8,11.8,2025-05-27,Sabine
48405,2.54,28,0.9,1.8,42.8,2025-06-08,San Augustine
48407,4.5,157,1.2,10.0,175.8,2024-07-08,San Jacinto
48409,3.36,88,1.8,8.0,45.5,2021-02-16,San Patricio
48411,3.47,29,1.5,6.5,46.0,2021-02-16,San Saba
48413,1.31,76,0.5,2.8,6.5,2024-01-12,Schleicher
48415,2.72,18,2.0,15.8,18.5,2025-03-04,Scurry
48417,2.35,38,1.0,3.0,14.0,2020-10-27,Shackelford
48419,4.2,62,2.0,23.5,52.2,2020-08-27,Shelby
48421,1.88,16,1.9,4.0,9.5,2018-12-27,Sherman
48423,4.95,31,20.2,49.8,90.0,2023-06-16,Smith
48425,2.36,62,0.8,6.2,36.0,2021-02-16,Somervell
48427,3.47,73,1.2,6.5,55.8,2020-07-26,Starr
48429,2.99,76,1.2,5.0,44.2,2021-02-15,Stephens
48431,3.39,30,1.5,6.0,15.5,2021-02-16,Sterling
48433,2.04,7,1.0,1.2,1.8,2025-11-25,Stonewall
48435,2.33,83,0.8,4.2,53.5,2021-02-15,Sutton
48437,5.44,2,32.2,61.8,61.8,2020-10-28,Swisher
48439,4.08,8,23.9,35.2,40.8,2021-02-16,Tarrant
48441,2.85,121,1.2,6.5,29.5,2021-02-16,Taylor
48443,4.61,14,1.4,6.2,6.5,2025-04-24,Terrell
48445,2.48,35,1.0,5.2,51.0,2020-10-28,Terry
48447,2.14,31,0.8,2.2,45.0,2021-02-15,Throckmorton
48449,3.8,118,1.8,11.2,80.8,2023-06-16,Titus
48451,3.33,57,1.2,4.2,36.5,2021-02-16,Tom Green
48453,5.54,8,34.1,48.5,119.8,2023-02-01,Travis
48455,3.68,292,1.2,8.2,121.2,2024-07-08,Trinity
48457,2.91,214,1.9,9.2,51.2,2024-07-08,Tyler
48459,5.07,128,2.6,18.0,129.8,2023-06-16,Upshur
48461,2.97,41,1.0,7.0,35.2,2021-02-15,Upton
48463,3.32,158,1.0,4.2,24.0,2021-02-17,Uvalde
48465,3.64,95,1.0,4.0,57.2,2025-10-24,Val Verde
48467,3.47,133,2.0,13.2,72.2,2024-05-28,Van Zandt
48469,2.77,18,2.1,12.2,60.0,2021-02-15,Victoria
48471,3.58,185,1.2,11.2,96.2,2024-07-08,Walker
48473,5.04,39,7.2,24.5,63.2,2024-05-19,Waller
48475,2.84,66,0.8,10.0,30.5,2021-06-26,Ward
48477,1.89,134,0.5,4.2,30.0,2020-05-27,Washington
48479,3.62,17,3.2,22.2,40.0,2021-05-17,Webb
48481,4.64,13,15.0,37.0,116.0,2024-07-09,Wharton
48483,3.71,30,1.5,9.2,29.0,2018-06-22,Wheeler
48485,3.06,8,14.8,45.2,52.5,2021-02-15,Wichita
48487,2.8,58,0.8,3.2,36.8,2020-10-28,Wilbarger
48489,5.73,96,1.5,6.8,122.2,2020-07-26,Willacy
48491,3.25,8,28.4,49.8,61.5,2023-02-02,Williamson
48493,2.2,35,1.0,4.8,19.8,2023-04-06,Wilson
48495,2.14,36,0.8,6.2,20.5,2022-06-01,Winkler
48497,2.6,68,1.0,8.5,46.5,2018-02-21,Wise
48499,3.54,184,1.9,10.8,110.8,2023-06-16,Wood
48501,1.92,16,1.1,5.2,8.2,2018-09-01,Yoakum
48503,3.63,27,1.0,11.2,27.5,2021-02-16,Young
48505,4.43,76,1.5,6.0,69.8,2021-02-15,Zapata
48507,4.27,0,,,,,Zavala
