county_fips,customers,avg_annual_outage_hours_per_customer,event_days_per_year,worst_peak_customers_out,worst_peak_pct,avg_annual_outage_hours_per_customer_raw,event_days_per_year_raw,stuck_customer_hours_removed,duplicate_snapshots_removed
48001,29000,13.62,35.1,13340,46.0,13.62,35.1,0,0
48003,12620,3.72,9.5,5820,46.1,3.72,9.5,0,0
48005,47178,13.68,34.4,27187,57.6,13.68,34.4,0,0
48007,16346,11.76,32.6,16346,100.0,11.76,32.6,1236.0,0
48009,3835,11.26,23.9,3835,100.0,11.26,23.9,85.0,0
48011,1815,8.92,7.5,1815,100.0,8.92,7.5,0,0
48013,18992,5.74,22.9,7182,37.8,5.74,22.9,0,0
48015,126963,14.74,84.2,126963,100.0,14.74,121.9,0,0
48017,4857,1.41,3.9,1193,24.6,1.41,3.9,0,0
48019,15482,4.49,19.6,15482,100.0,4.49,19.6,0,0
48021,26231,10.44,43.8,26231,100.0,10.44,43.8,0,0
48023,1527,9.78,11.2,1266,82.9,9.78,11.2,713.0,0
48025,10824,9.25,29.4,10824,100.0,9.25,29.4,0,0
48027,171225,8.1,11.4,62146,36.3,8.1,11.4,0,0
48029,1024586,3.4,3.4,329782,32.2,3.4,3.4,0,0
48031,5342,12.14,18.9,5342,100.0,12.14,18.9,0,0
48033,628,21.19,14.6,628,100.0,21.19,14.6,447.0,0
48035,7389,10.54,31.6,7002,94.8,10.54,31.6,0,0
48037,116979,4.0,10.5,16957,14.5,4.0,10.5,0,0
48039,318242,14.34,26.6,318242,100.0,14.34,26.6,0,0
48041,73982,5.19,14.1,44703,60.4,5.19,14.1,0,0
48043,5368,17.39,28.9,5368,100.0,17.39,28.9,3342.5,0
48045,893,18.14,11.5,893,100.0,18.14,11.5,0,0
48047,3543,14.63,21.8,3543,100.0,14.63,21.8,0,0
48049,26881,5.2,19.2,7476,27.8,5.2,19.2,0,0
48051,6903,13.89,48.8,6903,100.0,13.89,48.8,0,0
48053,15962,6.87,29.9,15962,100.0,6.87,29.9,0,0
48055,21268,3.89,15.5,7527,35.4,3.89,15.5,0,0
48057,11203,10.22,18.0,7088,63.3,10.22,18.0,2781.0,0
48059,5021,14.52,32.8,5021,100.0,14.52,32.8,0,0
48061,262299,4.36,6.1,43776,16.7,4.36,6.1,0,0
48063,6417,20.85,36.8,6417,100.0,20.85,36.8,0,0
48065,4374,13.39,17.9,4374,100.0,13.39,17.9,89.0,0
48067,15244,25.34,55.9,11027,72.3,25.34,55.9,0,0
48069,5080,7.95,47.2,4136,81.4,7.95,47.2,0,0
48071,60514,18.05,49.6,60514,100.0,18.05,49.6,0,0
48073,29708,14.52,41.9,12169,41.0,14.52,41.9,0,0
48075,2919,9.31,9.8,2919,100.0,9.31,9.8,0,0
48077,4905,7.52,19.0,2542,51.8,7.52,19.0,0,0
48079,1637,3.32,3.2,1391,85.0,3.32,3.2,2341.5,0
48081,2695,13.19,26.8,2695,100.0,13.19,26.8,1719.2,0
48083,4018,1.41,7.9,847,21.1,1.41,7.9,0,0
48085,417242,5.38,5.6,143803,34.5,5.38,5.6,0,0
48087,1574,7.65,4.9,1574,100.0,7.65,4.9,0,0
48089,36628,12.24,84.2,36628,100.0,12.24,84.2,0,0
48091,91334,4.3,12.9,50553,55.3,4.3,12.9,0,0
48093,8085,14.54,28.4,8085,100.0,14.54,28.4,0,0
48095,1937,14.15,20.6,1937,100.0,14.15,20.6,4764.2,0
48097,16852,13.49,26.1,15729,93.3,13.49,26.1,0,0
48099,26485,7.82,12.6,15160,57.2,7.82,12.6,0,0
48101,851,6.86,3.4,851,100.0,6.86,3.4,83.5,0
48103,6157,4.0,7.9,2469,40.1,4.0,7.9,0,0
48105,2093,9.0,7.6,2093,100.0,9.0,7.6,4054.5,0
48107,7806,5.53,10.8,7806,100.0,5.53,10.8,0,0
48109,1745,21.97,15.5,1745,100.0,21.97,15.5,11229.8,0
48111,2595,3.82,7.1,2595,100.0,3.82,7.1,0,0
48113,948355,9.52,4.5,386856,40.8,9.52,4.5,0,0
48115,8173,7.84,20.1,5739,70.2,7.84,20.1,1946.2,0
48117,12107,7.96,32.0,8647,71.4,7.96,32.0,0,0
48119,3228,7.99,15.8,1949,60.4,7.99,15.8,0,0
48121,332707,4.58,4.6,125245,37.6,4.58,4.6,0,0
48123,11595,3.97,16.9,2290,19.7,3.97,16.9,0,0
48125,2248,3.39,5.6,2248,100.0,3.39,5.6,75.0,0
48127,3368,31.36,31.0,2594,77.0,31.36,31.0,4590.0,0
48129,1873,12.73,8.6,1873,100.0,12.73,8.6,0,0
48131,6017,21.18,52.4,6017,100.0,21.18,52.4,0,0
48133,9278,16.01,33.5,7857,84.7,16.01,33.5,0,0
48135,156481,2.62,4.1,28468,18.2,2.62,4.1,0,0
48137,3721,18.11,27.5,3721,100.0,18.11,27.5,1137.8,0
48139,80952,7.79,23.2,25236,31.2,7.79,23.2,0,0
48141,349484,1.61,4.4,38358,11.0,1.61,4.4,0,0
48143,24280,7.32,26.4,8826,36.4,7.32,26.4,0,0
48145,6131,23.19,42.1,6131,100.0,23.19,42.1,0,0
48147,13643,7.15,19.0,6706,49.2,7.15,19.0,0,0
48149,3732,2.49,8.5,1690,45.3,2.49,8.5,0,0
48151,2246,5.63,6.1,1512,67.3,5.63,6.1,0,0
48153,2808,6.68,8.4,2720,96.9,6.68,8.4,162.5,0
48155,952,9.48,3.4,952,100.0,9.48,3.4,175.5,0
48157,694780,5.55,3.2,236443,34.0,5.55,3.2,20617.0,0
48159,8784,21.42,40.9,8784,100.0,21.42,40.9,0,0
48161,8915,23.18,45.5,8346,93.6,23.18,45.5,0,0
48163,7146,10.14,30.6,5892,82.5,10.14,30.6,0,0
48165,13871,3.36,17.9,6237,45.0,3.36,17.9,0,0
48167,164920,20.41,26.1,164920,100.0,20.41,26.1,0,0
48169,3174,6.67,12.6,3174,100.0,6.67,12.6,0,0
48171,17022,17.75,15.5,9335,54.8,17.75,15.5,0,0
48173,3043,12.84,24.9,3043,100.0,12.84,24.9,0,0
48175,2857,16.64,21.9,2857,100.0,16.64,21.9,0,0
48177,6999,6.85,34.2,4145,59.2,6.85,34.2,92.5,0
48179,10717,6.8,13.4,10717,100.0,6.8,13.4,0,0
48181,52508,7.16,22.5,19362,36.9,7.16,22.5,0,0
48183,64306,24.54,49.0,48369,75.2,24.54,49.0,0,0
48185,10125,18.34,74.1,10125,100.0,18.34,74.1,0,0
48187,97083,1.51,9.1,7412,7.6,1.51,9.1,0,0
48189,15402,3.12,14.9,10794,70.1,3.12,14.9,0,0
48191,1903,9.16,11.9,1903,100.0,9.16,11.9,0,0
48193,1841,9.62,13.6,1585,86.1,9.62,13.6,0,0
48195,2761,6.86,9.2,2761,100.0,6.86,9.2,0,0
48197,2465,8.62,8.9,2465,100.0,8.62,8.9,0,0
48199,20456,18.14,58.4,20456,100.0,18.14,58.4,0,0
48201,1827686,15.94,5.5,1660703,90.9,15.94,5.5,77994.2,0
48203,50385,15.49,31.2,28811,57.2,15.49,31.2,0,0
48205,1504,4.5,7.4,1504,100.0,4.5,7.4,0,0
48207,2261,14.22,17.4,2261,100.0,14.22,17.4,0,0
48209,71175,5.59,29.0,53598,75.3,5.59,29.0,0,0
48211,1802,4.62,2.8,1802,100.0,4.62,2.8,0,0
48213,55808,8.89,31.8,27600,49.5,8.89,31.8,0,0
48215,753680,4.65,3.1,200550,26.6,4.65,3.1,0,0
48217,13365,8.54,28.0,7465,55.9,8.54,28.0,0,0
48219,10853,4.99,14.2,7318,67.4,4.99,14.2,396.2,0
48221,27365,4.44,18.4,11930,43.6,4.44,18.4,0,0
48223,21115,9.96,29.9,15787,74.8,9.96,29.9,0,0
48225,11682,23.09,47.2,9548,81.7,23.09,47.2,0,0
48227,43808,2.97,8.4,8061,18.4,2.97,8.4,0,0
48229,1141,31.36,12.9,1067,93.5,37.35,12.9,11933.8,0
48231,45067,6.64,26.0,15216,33.8,6.64,26.0,0,0
48233,6978,14.88,27.6,6862,98.3,14.88,27.6,0,0
48235,2414,16.21,14.6,2414,100.0,16.21,14.6,3091.0,0
48237,3594,11.39,28.2,2732,76.0,11.39,28.2,0,0
48239,6090,9.66,12.8,4551,74.7,9.66,12.8,360.0,0
48241,15308,0.97,5.4,2948,19.3,0.97,5.4,0,0
48243,2358,13.03,10.2,2358,100.0,13.03,10.2,5506.5,0
48245,90667,24.2,55.6,90667,100.0,24.2,55.6,1484.2,0
48247,2958,12.52,19.2,2539,85.8,12.52,19.2,0,0
48249,17612,11.49,28.0,15628,88.7,11.49,28.0,0,0
48251,76674,5.73,17.9,23816,31.1,5.73,17.9,0,0
48253,5201,13.34,26.9,4702,90.4,13.34,26.9,0,0
48255,5783,6.25,19.6,2859,49.4,6.25,19.6,0,0
48257,74765,5.94,20.5,43490,58.2,5.94,20.5,0,0
48259,21038,6.64,22.8,10381,49.3,6.64,22.8,79.5,0
48261,1009,13.47,9.6,1009,100.0,13.47,9.6,0,0
48263,753,5.66,3.2,753,100.0,5.66,3.2,556.8,0
48265,39842,7.81,15.9,24388,61.2,7.81,15.9,0,0
48267,4071,8.79,20.9,4071,100.0,8.79,20.9,0,0
48269,395,3.28,1.0,395,100.0,3.28,1.0,0,0
48271,1193,26.66,11.1,1187,99.5,26.66,11.1,1299.8,0
48273,20728,5.99,14.9,10974,52.9,5.99,14.9,0,0
48275,2566,12.8,18.4,2566,100.0,12.8,18.4,681.0,0
48277,27882,3.79,16.1,6244,22.4,3.79,16.1,0,0
48279,8331,1.67,6.9,3466,41.6,1.67,6.9,0,0
48281,11425,1.91,6.0,3191,27.9,1.91,6.0,0,0
48283,3461,13.62,20.5,3461,100.0,13.62,20.5,0,0
48285,4674,13.0,34.8,4674,100.0,13.0,34.8,0,0
48287,5243,11.37,26.8,5243,100.0,11.37,26.8,0,0
48289,12100,27.83,62.2,12100,100.0,27.83,62.2,0,0
48291,44189,23.68,43.1,32796,74.2,23.68,43.1,0,0
48293,7299,31.36,57.0,7299,100.0,32.86,57.0,0,0
48295,2576,5.17,7.6,2576,100.0,5.17,7.6,0,0
48297,5763,15.46,36.9,5763,100.0,15.46,36.9,0,0
48299,16499,8.87,21.4,16499,100.0,8.87,21.4,0,0
48301,1156,12.75,9.5,1156,100.0,12.75,9.5,0,0
48303,222871,1.53,6.0,25300,11.4,1.53,6.0,27669.0,0
48305,4549,10.9,24.6,4549,100.0,10.9,24.6,0,0
48307,7593,4.43,13.9,2984,39.3,4.43,13.9,0,0
48309,101960,7.15,15.2,42968,42.1,7.15,15.2,0,0
48311,788,9.65,5.2,788,100.0,9.65,5.2,0,0
48313,5319,26.33,42.4,5319,100.0,26.33,42.4,0,0
48315,7163,29.92,50.9,7163,100.0,29.92,50.9,0,0
48317,3861,14.68,45.5,3726,96.5,14.68,45.5,0,0
48319,3022,13.49,12.5,3022,100.0,13.49,12.5,0,0
48321,22652,18.96,33.8,22652,100.0,18.96,33.8,2007.2,0
48323,29327,8.48,19.8,20678,70.5,8.48,19.8,5163.8,0
48325,20977,12.2,39.2,20977,100.0,12.2,39.2,0,0
48327,1737,11.61,14.9,1737,100.0,11.61,14.9,0,0
48329,164550,3.24,4.4,46750,28.4,3.24,4.4,0,0
48331,8681,15.2,29.8,6335,73.0,15.2,29.8,0,0
48333,3489,1.76,4.4,593,17.0,1.76,4.4,0,0
48335,4856,13.18,33.5,3144,64.7,13.18,33.5,0,0
48337,8303,8.73,27.2,6484,78.1,8.73,27.2,0,0
48339,246212,22.46,27.0,246212,100.0,22.46,27.0,0,0
48341,11418,6.72,23.1,11418,100.0,6.72,23.1,0,0
48343,6447,20.62,34.8,4132,64.1,20.62,34.8,0,0
48345,830,11.22,4.6,830,100.0,11.22,4.6,0,0
48347,40989,12.84,22.4,16762,40.9,12.84,22.4,0,0
48349,41267,3.88,10.2,9988,24.2,3.88,10.2,0,0
48351,4202,2.38,5.4,1016,24.2,2.38,5.4,68753.2,0
48353,8654,7.91,25.2,5718,66.1,7.91,25.2,0,0
48355,162267,8.18,18.0,53743,33.1,8.18,18.0,0,0
48357,8912,5.54,10.2,8912,100.0,5.54,10.2,0,0
48359,3666,3.55,5.0,3666,100.0,3.55,5.0,8501.8,0
48361,38709,31.21,52.0,38709,100.0,31.21,52.0,618.0,0
48363,11965,11.27,37.9,6836,57.1,11.27,37.9,0,0
48365,13869,16.04,36.4,10331,74.5,16.04,36.4,0,0
48367,87476,6.86,17.1,37290,42.6,6.86,17.1,0,0
48369,7651,6.81,35.8,6045,79.0,6.81,35.8,91.5,0
48371,3830,21.39,41.8,3830,100.0,21.39,41.8,1660.5,0
48373,26132,16.87,58.4,26132,100.0,16.87,58.4,0,0
48375,38898,6.68,20.4,19503,50.1,6.68,20.4,0,0
48377,4221,8.37,14.6,4221,100.0,8.37,14.6,3772.5,0
48379,5723,5.94,14.1,5723,100.0,5.94,14.1,0,0
48381,34619,5.9,16.2,20522,59.3,5.9,16.2,0,0
48383,2148,22.13,27.8,1929,89.8,22.13,27.8,0,0
48385,4270,8.44,18.2,4270,100.0,8.44,18.2,0,0
48387,7161,10.06,22.1,3663,51.2,10.06,22.1,0,0
48389,2922,21.18,39.8,2922,100.0,21.18,39.8,645.5,0
48391,3401,14.89,29.8,2122,62.4,14.89,29.8,0,0
48393,730,12.18,3.6,730,100.0,12.18,3.6,0,0
48395,7567,29.45,59.1,7567,100.0,29.45,59.1,0,0
48397,77029,4.53,13.8,31961,41.5,4.53,13.8,0,0
48399,2430,7.89,10.5,2430,100.0,7.89,10.5,0,0
48401,26571,20.88,45.8,13290,50.0,20.88,45.8,0,0
48403,5030,3.11,11.6,5030,100.0,3.11,11.6,0,0
48405,5843,3.62,7.5,5843,100.0,3.62,7.5,0,0
48407,19607,23.44,84.2,19607,100.0,23.44,95.1,0,0
48409,35667,9.9,30.0,21381,59.9,9.9,30.0,0,0
48411,3729,7.48,13.1,1895,50.8,7.48,13.1,98.5,0
48413,1095,12.47,10.9,1095,100.0,12.47,10.9,0,0
48415,15125,2.49,10.9,3858,25.5,2.49,10.9,0,0
48417,2165,9.34,10.8,2165,100.0,9.34,10.8,1206.0,0
48419,14484,8.07,19.4,4178,28.8,8.07,19.4,0,0
48421,4450,1.84,4.4,4450,100.0,1.84,4.4,0,0
48423,129054,12.99,17.2,71890,55.7,12.99,17.2,0,0
48425,5351,7.54,19.1,3223,60.2,7.54,19.1,0,0
48427,31014,6.97,20.4,10726,34.6,6.97,20.4,0,0
48429,6385,9.86,26.9,6385,100.0,9.86,26.9,0,0
48431,1607,17.74,16.6,1607,100.0,17.74,16.6,3580.0,0
48433,878,6.02,4.2,878,100.0,6.02,4.2,0,0
48435,2600,12.32,17.9,2600,100.0,12.32,17.9,0,0
48437,2662,3.31,4.1,1046,39.3,3.31,4.1,0,0
48439,1040761,5.45,3.8,367316,35.3,5.45,3.8,0,0
48441,25935,13.66,58.4,25935,100.0,13.66,58.4,0,0
48443,755,27.87,11.4,755,100.0,27.87,11.4,3379.2,0
48445,4311,7.18,25.5,2619,60.8,7.18,25.5,150.0,0
48447,1041,10.49,6.0,1041,100.0,10.49,6.0,0,0
48449,16993,14.24,32.4,9856,58.0,14.24,32.4,0,0
48451,58381,7.25,18.8,28680,49.1,7.25,18.8,0,0
48453,641926,7.98,4.8,273849,42.7,7.98,4.8,0,0
48455,10507,31.36,67.9,10507,100.0,31.95,67.9,0,0
48457,9409,20.44,78.8,9409,100.0,20.44,78.8,0,0
48459,23857,23.77,56.0,23857,100.0,23.77,56.0,368.8,0
48461,2542,14.97,22.0,2232,87.8,14.97,22.0,0,0
48463,10392,15.98,39.5,10392,100.0,15.98,39.5,217.5,0
48465,18757,11.31,24.6,18455,98.4,11.31,24.6,0,0
48467,26783,16.14,52.4,26783,100.0,16.14,52.4,0,0
48469,49048,3.27,11.5,9602,19.6,3.27,11.5,1245.0,0
48471,21907,24.42,67.6,21907,100.0,24.42,67.6,0,0
48473,121248,15.72,84.2,121248,100.0,15.72,92.1,0,0
48475,8555,6.62,23.1,3649,42.7,6.62,23.1,0,0
48477,12824,9.51,33.4,10881,84.8,9.51,33.4,0,0
48479,110210,5.06,13.1,27928,25.3,5.06,13.1,0,0
48481,128746,9.53,74.1,128746,100.0,9.53,74.1,0,0
48483,2638,10.13,10.0,2638,100.0,10.13,10.0,0,0
48485,90763,2.85,7.2,14558,16.0,2.85,7.2,0,0
48487,7359,5.75,14.6,6074,82.5,5.75,14.6,0,0
48489,11642,14.15,22.2,7991,68.6,14.15,22.2,1210.0,0
48491,299583,6.41,9.9,134418,44.9,6.41,9.9,0,0
48493,33619,2.35,13.4,7092,21.1,2.35,13.4,0,0
48495,5476,3.94,14.6,3756,68.6,3.94,14.6,0,0
48497,27602,7.28,33.2,10805,39.1,7.28,33.2,0,0
48499,23440,21.45,65.8,23440,100.0,21.45,65.8,0,0
48501,3573,3.53,14.6,1791,50.1,3.53,14.6,0,0
48503,9166,5.64,14.9,4730,51.6,5.64,14.9,0,0
48505,8025,12.87,17.0,6300,78.5,12.87,17.0,0,0
48507,67532,0.95,0.4,2560,3.8,0.95,0.4,2079.5,0
