start,end,peak_day,peak_customers_out,counties_hit,type,main_cause,storm,cause_mix
2021-02-14,2021-02-20,2021-02-16,4998021,232,GRID-WIDE (ERCOT load shed),grid emergency (ERCOT load shed),Winter Storm Uri,grid emergency (ERCOT load shed) 97%; winter storm / ice 3%
2024-07-08,2024-07-17,2024-07-08,2915343,164,LOCAL (weather / wires),hurricane / tropical storm,Hurricane Beryl,hurricane / tropical storm 46%; flooding 16%; high winds / severe thunderstorms 16%
2024-05-28,2024-06-05,2024-05-28,1431062,211,LOCAL (weather / wires),high winds / severe thunderstorms,,high winds / severe thunderstorms 86%; flooding 8%; hail 3%
2024-05-16,2024-05-23,2024-05-16,1104768,141,LOCAL (weather / wires),high winds / severe thunderstorms,,high winds / severe thunderstorms 95%; flooding 3%; hail 1%
2025-03-04,2025-03-05,2025-03-04,822089,191,LOCAL (weather / wires),high winds / severe thunderstorms,,high winds / severe thunderstorms 97%; tornado 2%; wildfire 1%
2023-06-21,2023-06-23,2023-06-21,564662,139,LOCAL (weather / wires),high winds / severe thunderstorms,,high winds / severe thunderstorms 53%; extreme heat 47%; hail 0%
2021-09-13,2021-09-15,2021-09-14,543969,71,LOCAL (weather / wires),hurricane / tropical storm,Hurricane Nicholas,hurricane / tropical storm 100%; flooding 0%
2023-03-02,2023-03-03,2023-03-02,490296,146,LOCAL (weather / wires),high winds / severe thunderstorms,,high winds / severe thunderstorms 98%; hail 1%; tornado 1%
2023-02-01,2023-02-04,2023-02-02,486688,104,LOCAL (weather / wires),winter storm / ice,,winter storm / ice 100%
2019-06-09,2019-06-11,2019-06-09,473841,79,LOCAL (weather / wires),high winds / severe thunderstorms,,high winds / severe thunderstorms 99%; hail 1%
2025-05-26,2025-05-28,2025-05-26,382370,175,LOCAL (weather / wires),high winds / severe thunderstorms,,high winds / severe thunderstorms 95%; flooding 4%; hail 1%
2021-10-27,2021-10-28,2021-10-28,376645,143,LOCAL (weather / wires),high winds / severe thunderstorms,,high winds / severe thunderstorms 93%; tornado 7%; hail 0%
2025-10-24,2025-10-25,2025-10-25,347327,136,LOCAL (weather / wires),high winds / severe thunderstorms,,high winds / severe thunderstorms 96%; tornado 3%; flooding 1%
2020-08-27,2020-08-30,2020-08-27,346222,107,LOCAL (weather / wires),hurricane / tropical storm,Hurricane Laura,hurricane / tropical storm 85%; extreme heat 11%; high winds / severe thunderstorms 3%
2023-06-15,2023-06-19,2023-06-16,331066,111,LOCAL (weather / wires),high winds / severe thunderstorms,,high winds / severe thunderstorms 55%; extreme heat 41%; tornado 2%
2024-04-09,2024-04-10,2024-04-10,312584,134,LOCAL (weather / wires),high winds / severe thunderstorms,,high winds / severe thunderstorms 83%; flooding 9%; hail 8%
2023-06-08,2023-06-11,2023-06-08,312059,120,LOCAL (weather / wires),high winds / severe thunderstorms,,high winds / severe thunderstorms 94%; hail 5%; flooding 1%
2019-03-13,2019-03-13,2019-03-13,288739,113,LOCAL (weather / wires),high winds / severe thunderstorms,,high winds / severe thunderstorms 99%; tornado 1%
2019-06-23,2019-06-24,2019-06-24,278452,113,LOCAL (weather / wires),high winds / severe thunderstorms,,high winds / severe thunderstorms 71%; flooding 11%; extreme heat 11%
2019-06-16,2019-06-17,2019-06-16,265185,107,LOCAL (weather / wires),high winds / severe thunderstorms,,high winds / severe thunderstorms 89%; hail 8%; flooding 4%
2020-07-25,2020-07-27,2020-07-26,264432,61,LOCAL (weather / wires),hurricane / tropical storm,Hurricane Hanna,hurricane / tropical storm 99%; flooding 1%; tornado 0%
2019-10-20,2019-10-21,2019-10-21,256961,86,LOCAL (weather / wires),high winds / severe thunderstorms,,high winds / severe thunderstorms 93%; tornado 4%; hail 3%
2021-05-18,2021-05-19,2021-05-18,250629,133,LOCAL (weather / wires),high winds / severe thunderstorms,,high winds / severe thunderstorms 82%; flooding 17%; hail 1%
2021-05-28,2021-05-29,2021-05-28,249349,119,LOCAL (weather / wires),high winds / severe thunderstorms,,high winds / severe thunderstorms 91%; hail 8%; flooding 1%
2022-10-24,2022-10-25,2022-10-25,245979,125,LOCAL (weather / wires),high winds / severe thunderstorms,,high winds / severe thunderstorms 100%; hail 0%
2023-04-28,2023-04-29,2023-04-29,242543,78,LOCAL (weather / wires),high winds / severe thunderstorms,,high winds / severe thunderstorms 94%; hail 6%; flooding 0%
2022-05-24,2022-05-25,2022-05-25,238365,155,LOCAL (weather / wires),high winds / severe thunderstorms,,high winds / severe thunderstorms 96%; hail 3%; flooding 0%
2020-04-29,2020-04-29,2020-04-29,233419,96,LOCAL (weather / wires),high winds / severe thunderstorms,,high winds / severe thunderstorms 98%; hail 2%; wildfire 0%
2021-01-10,2021-01-11,2021-01-10,222365,78,LOCAL (weather / wires),winter storm / ice,,winter storm / ice 100%
2024-05-02,2024-05-02,2024-05-02,216837,79,LOCAL (weather / wires),high winds / severe thunderstorms,,high winds / severe thunderstorms 88%; flooding 11%; hail 0%
2022-08-10,2022-08-10,2022-08-10,216690,76,LOCAL (weather / wires),high winds / severe thunderstorms,,high winds / severe thunderstorms 100%; wildfire 0%
2025-06-08,2025-06-09,2025-06-08,214875,115,LOCAL (weather / wires),high winds / severe thunderstorms,,high winds / severe thunderstorms 89%; flooding 6%; hail 5%
2020-08-16,2020-08-17,2020-08-16,204597,90,LOCAL (weather / wires),high winds / severe thunderstorms,,high winds / severe thunderstorms 75%; extreme heat 25%; tornado 0%
2023-01-24,2023-01-24,2023-01-24,204138,74,LOCAL (weather / wires),tornado,,tornado 88%; high winds / severe thunderstorms 10%; flooding 1%
2019-07-10,2019-07-11,2019-07-10,199463,103,LOCAL (weather / wires),extreme heat,,extreme heat 71%; high winds / severe thunderstorms 29%
2023-09-08,2023-09-09,2023-09-09,196605,71,LOCAL (weather / wires),high winds / severe thunderstorms,,high winds / severe thunderstorms 72%; extreme heat 24%; hail 4%
2020-05-27,2020-05-28,2020-05-27,194552,80,LOCAL (weather / wires),high winds / severe thunderstorms,,high winds / severe thunderstorms 92%; hail 8%; tornado 0%
2025-06-12,2025-06-12,2025-06-12,192288,96,LOCAL (weather / wires),high winds / severe thunderstorms,,high winds / severe thunderstorms 82%; flooding 16%; tornado 2%
2022-03-21,2022-03-22,2022-03-21,190643,144,LOCAL (weather / wires),high winds / severe thunderstorms,,high winds / severe thunderstorms 51%; tornado 34%; hail 8%
2019-05-18,2019-05-18,2019-05-18,185003,78,LOCAL (weather / wires),high winds / severe thunderstorms,,high winds / severe thunderstorms 67%; tornado 25%; hail 7%
2024-01-08,2024-01-08,2024-01-08,178966,116,LOCAL (weather / wires),high winds / severe thunderstorms,,high winds / severe thunderstorms 95%; hail 4%; winter storm / ice 1%
2024-04-28,2024-04-28,2024-04-28,177130,96,LOCAL (weather / wires),high winds / severe thunderstorms,,high winds / severe thunderstorms 80%; flooding 15%; hail 3%
2019-05-08,2019-05-10,2019-05-08,176888,130,LOCAL (weather / wires),high winds / severe thunderstorms,,high winds / severe thunderstorms 77%; flooding 18%; hail 4%
2019-08-18,2019-08-18,2019-08-18,172847,31,LOCAL (weather / wires),extreme heat,,extreme heat 100%; wildfire 0%; high winds / severe thunderstorms 0%
2023-09-24,2023-09-25,2023-09-24,168425,76,LOCAL (weather / wires),high winds / severe thunderstorms,,high winds / severe thunderstorms 89%; extreme heat 6%; hail 5%
2020-04-12,2020-04-12,2020-04-12,167501,73,LOCAL (weather / wires),high winds / severe thunderstorms,,high winds / severe thunderstorms 95%; hail 4%; tornado 1%
2020-10-28,2020-10-29,2020-10-28,166393,107,LOCAL (weather / wires),winter storm / ice,,winter storm / ice 100%
2021-03-17,2021-03-17,2021-03-17,166309,84,LOCAL (weather / wires),high winds / severe thunderstorms,,high winds / severe thunderstorms 78%; winter storm / ice 20%; hail 2%
2020-05-24,2020-05-24,2020-05-24,162219,105,LOCAL (weather / wires),high winds / severe thunderstorms,,high winds / severe thunderstorms 97%; hail 2%; flooding 1%
2022-12-22,2022-12-23,2022-12-23,152857,141,LOCAL (weather / wires),winter storm / ice,,winter storm / ice 100%; high winds / severe thunderstorms 0%
2022-09-04,2022-09-04,2022-09-04,150049,36,LOCAL (weather / wires),high winds / severe thunderstorms,,high winds / severe thunderstorms 98%; hail 1%; flooding 0%
2022-11-04,2022-11-04,2022-11-04,149604,69,LOCAL (weather / wires),tornado,,tornado 91%; high winds / severe thunderstorms 7%; hail 2%
2020-04-09,2020-04-09,2020-04-09,147310,41,LOCAL (weather / wires),high winds / severe thunderstorms,,high winds / severe thunderstorms 100%
2020-05-16,2020-05-16,2020-05-16,146827,94,LOCAL (weather / wires),high winds / severe thunderstorms,,high winds / severe thunderstorms 77%; flooding 20%; tornado 3%
2019-04-13,2019-04-13,2019-04-13,146044,92,LOCAL (weather / wires),hail,,hail 75%; high winds / severe thunderstorms 21%; tornado 5%
2024-03-21,2024-03-22,2024-03-22,145187,69,LOCAL (weather / wires),hail,,hail 97%; high winds / severe thunderstorms 3%
2024-05-13,2024-05-13,2024-05-13,144301,68,LOCAL (weather / wires),hail,,hail 73%; high winds / severe thunderstorms 20%; flooding 8%
2022-05-22,2022-05-22,2022-05-22,139340,71,LOCAL (weather / wires),high winds / severe thunderstorms,,high winds / severe thunderstorms 95%; extreme heat 4%; flooding 1%
2019-06-19,2019-06-19,2019-06-19,138169,73,LOCAL (weather / wires),high winds / severe thunderstorms,,high winds / severe thunderstorms 76%; extreme heat 18%; hail 6%
2022-04-12,2022-04-12,2022-04-12,136801,60,LOCAL (weather / wires),high winds / severe thunderstorms,,high winds / severe thunderstorms 90%; hail 6%; tornado 3%
2023-06-03,2023-06-04,2023-06-04,135845,109,LOCAL (weather / wires),high winds / severe thunderstorms,,high winds / severe thunderstorms 94%; hail 6%; flooding 0%
2024-05-26,2024-05-26,2024-05-26,135601,44,LOCAL (weather / wires),high winds / severe thunderstorms,,high winds / severe thunderstorms 88%; extreme heat 7%; hail 2%
2020-10-09,2020-10-10,2020-10-09,133763,27,LOCAL (weather / wires),hurricane / tropical storm,Hurricane Laura,hurricane / tropical storm 100%
2020-01-10,2020-01-11,2020-01-11,133604,92,LOCAL (weather / wires),high winds / severe thunderstorms,,high winds / severe thunderstorms 90%; tornado 4%; flooding 3%
2022-05-15,2022-05-16,2022-05-15,133450,63,LOCAL (weather / wires),high winds / severe thunderstorms,,high winds / severe thunderstorms 90%; hail 10%
2022-07-14,2022-07-14,2022-07-14,131772,98,LOCAL (weather / wires),extreme heat,,extreme heat 76%; high winds / severe thunderstorms 24%
2025-03-14,2025-03-14,2025-03-14,129843,93,LOCAL (weather / wires),high winds / severe thunderstorms,,high winds / severe thunderstorms 100%
2021-02-11,2021-02-11,2021-02-11,126367,64,LOCAL (weather / wires),winter storm / ice,,winter storm / ice 100%
2021-10-10,2021-10-10,2021-10-10,126286,63,LOCAL (weather / wires),high winds / severe thunderstorms,,high winds / severe thunderstorms 100%
2019-04-07,2019-04-07,2019-04-07,125789,64,LOCAL (weather / wires),high winds / severe thunderstorms,,high winds / severe thunderstorms 84%; hail 9%; flooding 6%
2023-04-20,2023-04-20,2023-04-20,122510,57,LOCAL (weather / wires),high winds / severe thunderstorms,,high winds / severe thunderstorms 71%; flooding 19%; hail 8%
2019-06-06,2019-06-06,2019-06-06,122373,52,LOCAL (weather / wires),high winds / severe thunderstorms,,high winds / severe thunderstorms 89%; hail 10%; flooding 0%
2018-06-04,2018-06-04,2018-06-04,119902,64,LOCAL (weather / wires),high winds / severe thunderstorms,,high winds / severe thunderstorms 99%; hail 1%; flooding 0%
2023-05-06,2023-05-06,2023-05-06,116069,66,LOCAL (weather / wires),high winds / severe thunderstorms,,high winds / severe thunderstorms 96%; hail 4%; flooding 0%
2022-02-03,2022-02-03,2022-02-03,115316,67,LOCAL (weather / wires),winter storm / ice,,winter storm / ice 100%
2018-04-13,2018-04-14,2018-04-14,114323,98,LOCAL (weather / wires),high winds / severe thunderstorms,,high winds / severe thunderstorms 84%; hail 13%; winter storm / ice 2%
2024-01-12,2024-01-12,2024-01-12,113857,76,LOCAL (weather / wires),winter storm / ice,,winter storm / ice 96%; hail 2%; high winds / severe thunderstorms 2%
2023-09-14,2023-09-15,2023-09-15,112440,111,LOCAL (weather / wires),high winds / severe thunderstorms,,high winds / severe thunderstorms 91%; flooding 6%; extreme heat 2%
2022-06-27,2022-06-27,2022-06-27,111827,67,LOCAL (weather / wires),high winds / severe thunderstorms,,high winds / severe thunderstorms 94%; lightning 4%; extreme heat 1%
2023-10-04,2023-10-05,2023-10-04,111653,111,LOCAL (weather / wires),high winds / severe thunderstorms,,high winds / severe thunderstorms 99%; tornado 0%; flooding 0%
2019-09-19,2019-09-19,2019-09-19,110733,45,LOCAL (weather / wires),flooding,,flooding 55%; tornado 33%; high winds / severe thunderstorms 12%
2023-08-27,2023-08-27,2023-08-27,109880,59,LOCAL (weather / wires),extreme heat,,extreme heat 86%; high winds / severe thunderstorms 14%
2025-05-06,2025-05-06,2025-05-06,108370,94,LOCAL (weather / wires),flooding,,flooding 72%; high winds / severe thunderstorms 11%; hail 10%
2025-08-04,2025-08-04,2025-08-04,107338,67,LOCAL (weather / wires),high winds / severe thunderstorms,,high winds / severe thunderstorms 100%; flooding 0%
2019-04-18,2019-04-18,2019-04-18,103384,78,LOCAL (weather / wires),high winds / severe thunderstorms,,high winds / severe thunderstorms 96%; hail 4%; tornado 0%
2023-05-13,2023-05-13,2023-05-13,101957,85,LOCAL (weather / wires),flooding,,flooding 88%; tornado 9%; high winds / severe thunderstorms 3%
2024-11-18,2024-11-18,2024-11-18,101441,81,LOCAL (weather / wires),high winds / severe thunderstorms,,high winds / severe thunderstorms 96%; flooding 4%
2022-05-05,2022-05-05,2022-05-05,100616,72,LOCAL (weather / wires),high winds / severe thunderstorms,,high winds / severe thunderstorms 87%; hail 10%; flooding 3%
