date,peak_customers_out
2017-12-31,5693
2018-01-01,18154
2018-01-02,14685
2018-01-03,27189
2018-01-04,9330
2018-01-05,5553
2018-01-06,6348
2018-01-07,4745
2018-01-08,6939
2018-01-09,9190
2018-01-10,4956
2018-01-11,30225
2018-01-12,12019
2018-01-13,6550
2018-01-14,3050
2018-01-15,9381
2018-01-16,28593
2018-01-17,38501
2018-01-18,12647
2018-01-19,10151
2018-01-20,5470
2018-01-21,7203
2018-01-22,8598
2018-01-23,6293
2018-01-24,12374
2018-01-25,4555
2018-01-26,6189
2018-01-27,6616
2018-01-28,4138
2018-01-29,15646
2018-01-30,4040
2018-01-31,5301
2018-02-01,7961
2018-02-02,2456
2018-02-03,5097
2018-02-04,10315
2018-02-05,3719
2018-02-06,10180
2018-02-07,11289
2018-02-08,14815
2018-02-09,12531
2018-02-10,6914
2018-02-11,12994
2018-02-12,4644
2018-02-13,9718
2018-02-14,7079
2018-02-15,5025
2018-02-16,8303
2018-02-17,6944
2018-02-18,6485
2018-02-19,8372
2018-02-20,17822
2018-02-21,48856
2018-02-22,27894
2018-02-23,27420
2018-02-24,51738
2018-02-25,8958
2018-02-26,8654
2018-02-27,8655
2018-02-28,11632
2018-03-01,16587
2018-03-02,6544
2018-03-03,6031
2018-03-04,2940
2018-03-05,9549
2018-03-06,5585
2018-03-07,4197
2018-03-08,6596
2018-03-09,3992
2018-03-10,6204
2018-03-11,10587
2018-03-12,7422
2018-03-13,5351
2018-03-14,6098
2018-03-15,9544
2018-03-16,12405
2018-03-17,8320
2018-03-18,26447
2018-03-19,13652
2018-03-20,27587
2018-03-21,9854
2018-03-22,4868
2018-03-23,28231
2018-03-24,7179
2018-03-25,3181
2018-03-26,4160
2018-03-27,23744
2018-03-28,34718
2018-03-29,40298
2018-03-30,5266
2018-03-31,6616
2018-04-01,1735
2018-04-02,6069
2018-04-03,22065
2018-04-04,15676
2018-04-05,7491
2018-04-06,12253
2018-04-07,10021
2018-04-08,2787
2018-04-09,6961
2018-04-10,6880
2018-04-11,7865
2018-04-12,8150
2018-04-13,75811
2018-04-14,76596
2018-04-15,8699
2018-04-16,7669
2018-04-17,9962
2018-04-18,6200
2018-04-19,4259
2018-04-20,6083
2018-04-21,12201
2018-04-22,8736
2018-04-23,3660
2018-04-24,9577
2018-04-25,10249
2018-04-26,6322
2018-04-27,5406
2018-04-28,5715
2018-04-29,7955
2018-04-30,5331
2018-05-01,6447
2018-05-02,19647
2018-05-03,40752
2018-05-04,17274
2018-05-05,14396
2018-05-06,6625
2018-05-07,14187
2018-05-08,9880
2018-05-09,9727
2018-05-10,11411
2018-05-11,8400
2018-05-12,4744
2018-05-13,5384
2018-05-14,8601
2018-05-15,8390
2018-05-16,8698
2018-05-17,52240
2018-05-18,29279
2018-05-19,7712
2018-05-20,24387
2018-05-21,22953
2018-05-22,24640
2018-05-23,13906
2018-05-24,5708
2018-05-25,15271
2018-05-26,16674
2018-05-27,11953
2018-05-28,5140
2018-05-29,7197
2018-05-30,11598
2018-05-31,7319
2018-06-01,13191
2018-06-02,6875
2018-06-03,58389
2018-06-04,88849
2018-06-05,14338
2018-06-06,8734
2018-06-07,34678
2018-06-08,20788
2018-06-09,7276
2018-06-10,8599
2018-06-11,11783
2018-06-12,11359
2018-06-13,9116
2018-06-14,16300
2018-06-15,27385
2018-06-16,9271
2018-06-17,8466
2018-06-18,15832
2018-06-19,11678
2018-06-20,23350
2018-06-21,10388
2018-06-22,13558
2018-06-23,8550
2018-06-24,13895
2018-06-25,11707
2018-06-26,6291
2018-06-27,8171
2018-06-28,10150
2018-06-29,8514
2018-06-30,11835
2018-07-01,8195
2018-07-02,9776
2018-07-03,25985
2018-07-04,31372
2018-07-05,21031
2018-07-06,16964
2018-07-07,15357
2018-07-08,12548
2018-07-09,12875
2018-07-10,13205
2018-07-11,8182
2018-07-12,28348
2018-07-13,10596
2018-07-14,9832
2018-07-15,5002
2018-07-16,15653
2018-07-17,9726
2018-07-18,9407
2018-07-19,9519
2018-07-20,10145
2018-07-21,10083
2018-07-22,8730
2018-07-23,10271
2018-07-24,8211
2018-07-25,5593
2018-07-26,8559
2018-07-27,9895
2018-07-28,5409
2018-07-29,15076
2018-07-30,27480
2018-07-31,15457
2018-08-01,4611
2018-08-02,6677
2018-08-03,9179
2018-08-04,15528
2018-08-05,7504
2018-08-06,7160
2018-08-07,11612
2018-08-08,16747
2018-08-09,23854
2018-08-10,10862
2018-08-11,25164
2018-08-12,20247
2018-08-13,11016
2018-08-14,9908
2018-08-15,8452
2018-08-16,6034
2018-08-17,6313
2018-08-18,34113
2018-08-19,10948
2018-08-20,9940
2018-08-21,11324
2018-08-22,9175
2018-08-23,5414
2018-08-24,10046
2018-08-25,6499
2018-08-26,3958
2018-08-27,11242
2018-08-28,6533
2018-08-29,16463
2018-08-30,5709
2018-08-31,3984
2018-09-01,9422
2018-09-02,7225
2018-09-03,13607
2018-09-04,8251
2018-09-05,9007
2018-09-06,15793
2018-09-07,8909
2018-09-08,15169
2018-09-09,9151
2018-09-10,10262
2018-09-11,6281
2018-09-12,11706
2018-09-13,5408
2018-09-14,7519
2018-09-15,9623
2018-09-16,4589
2018-09-17,6606
2018-09-18,4265
2018-09-19,9578
2018-09-20,13855
2018-09-21,23036
2018-09-22,32786
2018-09-23,10763
2018-09-24,8195
2018-09-25,10337
2018-09-26,12221
2018-09-27,12941
2018-09-28,6281
2018-09-29,9498
2018-09-30,6452
2018-10-01,11708
2018-10-02,5805
2018-10-03,7688
2018-10-04,7323
2018-10-05,14071
2018-10-06,15125
2018-10-07,24645
2018-10-08,12398
2018-10-09,32057
2018-10-10,12317
2018-10-11,6900
2018-10-12,6614
2018-10-13,16040
2018-10-14,13785
2018-10-15,31128
2018-10-16,14772
2018-10-17,7613
2018-10-18,8665
2018-10-19,8550
2018-10-20,4838
2018-10-21,6236
2018-10-22,6111
2018-10-23,12281
2018-10-24,12283
2018-10-25,15374
2018-10-26,8425
2018-10-27,4662
2018-10-28,7858
2018-10-29,6164
2018-10-30,10771
2018-10-31,27217
2018-11-01,17921
2018-11-02,7208
2018-11-03,16224
2018-11-04,9938
2018-11-05,7503
2018-11-06,8631
2018-11-07,22069
2018-11-08,9643
2018-11-09,14537
2018-11-10,6966
2018-11-11,4483
2018-11-12,15723
2018-11-13,12616
2018-11-14,11633
2018-11-15,6680
2018-11-16,6988
2018-11-17,5337
2018-11-18,6431
2018-11-19,10789
2018-11-20,6625
2018-11-21,7777
2018-11-22,6913
2018-11-23,5641
2018-11-24,8057
2018-11-25,5422
2018-11-26,5264
2018-11-27,12415
2018-11-28,6663
2018-11-29,17164
2018-11-30,8546
2018-12-01,11143
2018-12-02,9537
2018-12-03,12867
2018-12-04,4676
2018-12-05,4897
2018-12-06,7699
2018-12-07,13455
2018-12-08,11489
2018-12-09,17913
2018-12-10,10720
2018-12-11,9653
2018-12-12,9877
2018-12-13,36362
2018-12-14,14402
2018-12-15,3515
2018-12-16,9421
2018-12-17,6078
2018-12-18,6880
2018-12-19,3118
2018-12-20,21846
2018-12-21,7504
2018-12-22,6231
2018-12-23,5503
2018-12-24,6474
2018-12-25,7792
2018-12-26,52806
2018-12-27,51354
2018-12-28,10798
2018-12-29,5718
2018-12-30,2615
2018-12-31,3415
2019-01-01,4619
2019-01-02,14865
2019-01-03,7865
2019-01-04,8397
2019-01-05,5943
2019-01-06,2717
2019-01-07,3405
2019-01-08,4873
2019-01-09,7009
2019-01-10,4181
2019-01-11,3595
2019-01-12,8743
2019-01-13,2276
2019-01-14,6264
2019-01-15,6131
2019-01-16,3700
2019-01-17,14182
2019-01-18,5311
2019-01-19,20663
2019-01-20,6612
2019-01-21,5278
2019-01-22,12565
2019-01-23,12737
2019-01-24,12889
2019-01-25,4627
2019-01-26,4532
2019-01-27,4158
2019-01-28,14358
2019-01-29,4631
2019-01-30,5368
2019-01-31,7494
2019-02-01,4586
2019-02-02,7190
2019-02-03,7071
2019-02-04,6236
2019-02-05,6036
2019-02-06,4600
2019-02-07,12354
2019-02-08,17702
2019-02-09,6936
2019-02-10,5676
2019-02-11,6319
2019-02-12,5196
2019-02-13,4435
2019-02-14,6866
2019-02-15,5766
2019-02-16,1907
2019-02-17,5941
2019-02-18,6121
2019-02-19,11758
2019-02-20,9354
2019-02-21,4484
2019-02-22,5014
2019-02-23,10053
2019-02-24,7128
2019-02-25,32964
2019-02-26,6661
2019-02-27,4384
2019-02-28,4125
2019-03-01,3213
2019-03-02,4029
2019-03-03,4474
2019-03-04,6555
2019-03-05,6764
2019-03-06,4350
2019-03-07,5246
2019-03-08,6541
2019-03-09,17663
2019-03-10,4822
2019-03-11,5079
2019-03-12,26662
2019-03-13,152793
2019-03-14,60996
2019-03-15,13134
2019-03-16,7268
2019-03-17,8303
2019-03-18,7233
2019-03-19,7513
2019-03-20,3998
2019-03-21,9019
2019-03-22,4027
2019-03-23,3578
2019-03-24,3299
2019-03-25,9009
2019-03-26,7027
2019-03-27,7281
2019-03-28,5298
2019-03-29,9741
2019-03-30,7816
2019-03-31,12776
2019-04-01,4660
2019-04-02,7122
2019-04-03,13867
2019-04-04,10420
2019-04-05,4120
2019-04-06,23160
2019-04-07,43722
2019-04-08,9331
2019-04-09,9141
2019-04-10,15518
2019-04-11,7917
2019-04-12,4122
2019-04-13,82343
2019-04-14,49165
2019-04-15,21834
2019-04-16,5592
2019-04-17,32487
2019-04-18,59495
2019-04-19,14907
2019-04-20,5166
2019-04-21,5465
2019-04-22,3861
2019-04-23,45001
2019-04-24,31051
2019-04-25,16316
2019-04-26,12497
2019-04-27,7682
2019-04-28,7525
2019-04-29,8167
2019-04-30,7009
2019-05-01,18891
2019-05-02,28897
2019-05-03,28148
2019-05-04,12660
2019-05-05,6996
2019-05-06,13960
2019-05-07,22807
2019-05-08,96521
2019-05-09,70855
2019-05-10,89666
2019-05-11,42559
2019-05-12,20550
2019-05-13,12264
2019-05-14,15184
2019-05-15,12828
2019-05-16,11801
2019-05-17,7782
2019-05-18,84472
2019-05-19,27426
2019-05-20,17240
2019-05-21,22056
2019-05-22,6624
2019-05-23,9462
2019-05-24,8444
2019-05-25,12963
2019-05-26,4138
2019-05-27,4887
2019-05-28,10545
2019-05-29,18344
2019-05-30,17709
2019-05-31,11251
2019-06-01,27898
2019-06-02,14536
2019-06-03,8302
2019-06-04,11544
2019-06-05,14675
2019-06-06,78012
2019-06-07,46961
2019-06-08,18376
2019-06-09,384411
2019-06-10,327378
2019-06-11,161132
2019-06-12,39724
2019-06-13,11592
2019-06-14,8472
2019-06-15,12996
2019-06-16,131069
2019-06-17,113225
2019-06-18,17345
2019-06-19,70551
2019-06-20,69222
2019-06-21,10209
2019-06-22,10307
2019-06-23,121379
2019-06-24,101643
2019-06-25,49703
2019-06-26,17990
2019-06-27,31499
2019-06-28,21247
2019-06-29,50941
2019-06-30,28833
2019-07-01,10225
2019-07-02,10626
2019-07-03,13649
2019-07-04,10117
2019-07-05,7208
2019-07-06,27712
2019-07-07,15594
2019-07-08,25291
2019-07-09,11719
2019-07-10,121362
2019-07-11,79554
2019-07-12,10100
2019-07-13,16196
2019-07-14,5141
2019-07-15,10254
2019-07-16,15195
2019-07-17,6429
2019-07-18,10685
2019-07-19,8070
2019-07-20,4172
2019-07-21,6025
2019-07-22,16539
2019-07-23,10801
2019-07-24,9986
2019-07-25,7865
2019-07-26,4565
2019-07-27,13747
2019-07-28,13788
2019-07-29,12624
2019-07-30,37222
2019-07-31,21519
2019-08-01,20828
2019-08-02,9904
2019-08-03,10250
2019-08-04,6710
2019-08-05,9166
2019-08-06,7367
2019-08-07,6348
2019-08-08,9609
2019-08-09,6299
2019-08-10,3430
2019-08-11,4368
2019-08-12,5340
2019-08-13,10876
2019-08-14,44058
2019-08-15,18020
2019-08-16,7914
2019-08-17,6306
2019-08-18,155170
2019-08-19,21954
2019-08-20,13816
2019-08-21,30111
2019-08-22,5356
2019-08-23,11508
2019-08-24,11879
2019-08-25,25771
2019-08-26,9434
2019-08-27,22515
2019-08-28,25278
2019-08-29,13187
2019-08-30,33698
2019-08-31,12533
2019-09-01,7114
2019-09-02,11141
2019-09-03,6447
2019-09-04,16750
2019-09-05,23375
2019-09-06,8225
2019-09-07,6472
2019-09-08,5132
2019-09-09,13825
2019-09-10,17693
2019-09-11,16016
2019-09-12,11651
2019-09-13,5605
2019-09-14,10745
2019-09-15,7332
2019-09-16,8167
2019-09-17,13245
2019-09-18,14649
2019-09-19,76432
2019-09-20,40647
2019-09-21,10508
2019-09-22,18483
2019-09-23,9431
2019-09-24,15489
2019-09-25,14763
2019-09-26,8673
2019-09-27,8174
2019-09-28,6915
2019-09-29,10308
2019-09-30,16465
2019-10-01,6340
2019-10-02,7520
2019-10-03,12983
2019-10-04,8417
2019-10-05,8435
2019-10-06,7806
2019-10-07,6110
2019-10-08,5660
2019-10-09,7434
2019-10-10,55015
2019-10-11,45179
2019-10-12,25701
2019-10-13,29432
2019-10-14,33474
2019-10-15,26510
2019-10-16,16256
2019-10-17,6818
2019-10-18,7327
2019-10-19,6704
2019-10-20,139734
2019-10-21,187308
2019-10-22,41014
2019-10-23,22198
2019-10-24,22633
2019-10-25,36011
2019-10-26,13196
2019-10-27,4381
2019-10-28,6382
2019-10-29,11189
2019-10-30,15161
2019-10-31,23815
2019-11-01,8755
2019-11-02,9846
2019-11-03,9394
2019-11-04,10862
2019-11-05,6954
2019-11-06,4888
2019-11-07,17535
2019-11-08,6411
2019-11-09,10420
2019-11-10,5910
2019-11-11,25305
2019-11-12,13851
2019-11-13,8241
2019-11-14,15440
2019-11-15,7577
2019-11-16,18792
2019-11-17,5440
2019-11-18,7599
2019-11-19,20293
2019-11-20,11562
2019-11-21,6373
2019-11-22,9710
2019-11-23,4319
2019-11-24,6365
2019-11-25,11759
2019-11-26,13082
2019-11-27,6946
2019-11-28,10339
2019-11-29,10313
2019-11-30,7077
2019-12-01,7988
2019-12-02,9740
2019-12-03,6381
2019-12-04,7228
2019-12-05,8265
2019-12-06,13273
2019-12-07,7565
2019-12-08,4087
2019-12-09,39056
2019-12-10,10185
2019-12-11,6780
2019-12-12,6247
2019-12-13,8912
2019-12-14,6599
2019-12-15,5710
2019-12-16,16654
2019-12-17,6198
2019-12-18,13225
2019-12-19,15391
2019-12-20,11198
2019-12-21,7219
2019-12-22,15924
2019-12-23,14796
2019-12-24,4327
2019-12-25,4250
2019-12-26,15577
2019-12-27,8108
2019-12-28,8549
2019-12-29,10283
2019-12-30,5475
2019-12-31,2220
2020-01-01,9928
2020-01-02,7250
2020-01-03,4216
2020-01-04,4388
2020-01-05,9605
2020-01-06,19807
2020-01-07,27196
2020-01-08,3796
2020-01-09,5462
2020-01-10,65114
2020-01-11,117714
2020-01-12,4491
2020-01-13,14309
2020-01-14,6435
2020-01-15,9286
2020-01-16,13934
2020-01-17,5509
2020-01-18,8357
2020-01-19,6433
2020-01-20,7412
2020-01-21,7773
2020-01-22,13966
2020-01-23,6244
2020-01-24,4063
2020-01-25,3113
2020-01-26,5498
2020-01-27,3662
2020-01-28,5719
2020-01-29,6117
2020-01-30,7746
2020-01-31,17882
2020-02-01,10517
2020-02-02,7512
2020-02-03,3265
2020-02-04,4335
2020-02-05,11552
2020-02-06,9270
2020-02-07,8639
2020-02-08,6748
2020-02-09,7519
2020-02-10,39446
2020-02-11,6006
2020-02-12,11531
2020-02-13,7722
2020-02-14,4155
2020-02-15,5901
2020-02-16,4889
2020-02-17,4597
2020-02-18,4172
2020-02-19,6028
2020-02-20,6951
2020-02-21,4217
2020-02-22,3109
2020-02-23,4515
2020-02-24,14649
2020-02-25,6519
2020-02-26,16523
2020-02-27,12198
2020-02-28,6254
2020-02-29,6521
2020-03-01,8452
2020-03-02,5017
2020-03-03,13233
2020-03-04,22551
2020-03-05,12179
2020-03-06,4385
2020-03-07,10047
2020-03-08,5490
2020-03-09,4326
2020-03-10,11879
2020-03-11,4097
2020-03-12,6145
2020-03-13,7432
2020-03-14,8468
2020-03-15,8927
2020-03-16,11490
2020-03-17,9506
2020-03-18,12297
2020-03-19,15333
2020-03-20,19335
2020-03-21,9535
2020-03-22,7314
2020-03-23,17524
2020-03-24,11188
2020-03-25,10353
2020-03-26,8393
2020-03-27,11997
2020-03-28,9716
2020-03-29,7368
2020-03-30,10170
2020-03-31,10073
2020-04-01,16708
2020-04-02,12707
2020-04-03,6919
2020-04-04,10458
2020-04-05,2534
2020-04-06,3441
2020-04-07,6654
2020-04-08,21530
2020-04-09,111724
2020-04-10,30782
2020-04-11,18373
2020-04-12,110813
2020-04-13,87843
2020-04-14,30375
2020-04-15,17075
2020-04-16,7175
2020-04-17,6891
2020-04-18,9400
2020-04-19,24008
2020-04-20,7831
2020-04-21,14543
2020-04-22,19852
2020-04-23,26120
2020-04-24,19487
2020-04-25,15790
2020-04-26,11131
2020-04-27,16984
2020-04-28,39229
2020-04-29,137261
2020-04-30,10002
2020-05-01,7277
2020-05-02,5306
2020-05-03,3825
2020-05-04,11079
2020-05-05,9356
2020-05-06,7471
2020-05-07,13501
2020-05-08,22321
2020-05-09,17700
2020-05-10,5598
2020-05-11,7823
2020-05-12,10821
2020-05-13,9854
2020-05-14,10860
2020-05-15,65451
2020-05-16,71609
2020-05-17,14122
2020-05-18,8488
2020-05-19,14194
2020-05-20,13472
2020-05-21,13857
2020-05-22,23048
2020-05-23,26946
2020-05-24,82975
2020-05-25,69086
2020-05-26,20241
2020-05-27,111785
2020-05-28,71150
2020-05-29,7230
2020-05-30,11146
2020-05-31,6862
2020-06-01,18374
2020-06-02,12083
2020-06-03,31781
2020-06-04,23560
2020-06-05,10403
2020-06-06,13743
2020-06-07,13429
2020-06-08,33711
2020-06-09,13593
2020-06-10,14195
2020-06-11,11267
2020-06-12,10685
2020-06-13,6088
2020-06-14,8217
2020-06-15,9059
2020-06-16,6938
2020-06-17,9809
2020-06-18,8923
2020-06-19,35794
2020-06-20,30351
2020-06-21,17309
2020-06-22,42207
2020-06-23,32749
2020-06-24,24741
2020-06-25,45031
2020-06-26,20489
2020-06-27,12266
2020-06-28,7225
2020-06-29,8565
2020-06-30,10533
2020-07-01,10108
2020-07-02,17641
2020-07-03,25495
2020-07-04,11383
2020-07-05,17914
2020-07-06,13181
2020-07-07,14635
2020-07-08,16919
2020-07-09,21305
2020-07-10,17219
2020-07-11,12823
2020-07-12,69900
2020-07-13,10976
2020-07-14,12910
2020-07-15,12059
2020-07-16,21748
2020-07-17,11091
2020-07-18,9553
2020-07-19,6533
2020-07-20,13887
2020-07-21,28831
2020-07-22,21054
2020-07-23,7765
2020-07-24,7265
2020-07-25,187643
2020-07-26,238028
2020-07-27,145321
2020-07-28,60340
2020-07-29,41595
2020-07-30,27687
2020-07-31,21078
2020-08-01,21765
2020-08-02,12121
2020-08-03,16995
2020-08-04,17877
2020-08-05,26402
2020-08-06,9137
2020-08-07,12129
2020-08-08,9634
2020-08-09,10457
2020-08-10,9485
2020-08-11,9644
2020-08-12,16147
2020-08-13,29577
2020-08-14,9613
2020-08-15,15710
2020-08-16,149452
2020-08-17,111610
2020-08-18,23478
2020-08-19,21246
2020-08-20,7289
2020-08-21,6510
2020-08-22,29101
2020-08-23,12153
2020-08-24,8399
2020-08-25,7962
2020-08-26,14567
2020-08-27,299096
2020-08-28,213142
2020-08-29,108085
2020-08-30,105607
2020-08-31,68325
2020-09-01,57942
2020-09-02,47177
2020-09-03,20067
2020-09-04,18968
2020-09-05,13345
2020-09-06,10706
2020-09-07,14162
2020-09-08,12757
2020-09-09,15719
2020-09-10,13710
2020-09-11,7107
2020-09-12,6615
2020-09-13,10624
2020-09-14,10166
2020-09-15,11187
2020-09-16,10304
2020-09-17,8384
2020-09-18,9996
2020-09-19,10754
2020-09-20,5882
2020-09-21,11166
2020-09-22,11458
2020-09-23,9537
2020-09-24,4645
2020-09-25,9897
2020-09-26,6700
2020-09-27,13975
2020-09-28,16435
2020-09-29,8328
2020-09-30,7545
2020-10-01,11516
2020-10-02,8743
2020-10-03,5725
2020-10-04,6697
2020-10-05,8523
2020-10-06,7621
2020-10-07,5256
2020-10-08,15299
2020-10-09,118674
2020-10-10,106985
2020-10-11,74332
2020-10-12,37312
2020-10-13,21552
2020-10-14,10113
2020-10-15,9404
2020-10-16,9973
2020-10-17,6076
2020-10-18,6968
2020-10-19,10764
2020-10-20,5977
2020-10-21,10322
2020-10-22,5498
2020-10-23,53602
2020-10-24,13969
2020-10-25,9661
2020-10-26,14944
2020-10-27,44985
2020-10-28,88935
2020-10-29,70525
2020-10-30,22062
2020-10-31,16737
2020-11-01,13921
2020-11-02,16610
2020-11-03,8779
2020-11-04,8405
2020-11-05,4067
2020-11-06,6722
2020-11-07,8478
2020-11-08,6898
2020-11-09,13224
2020-11-10,8939
2020-11-11,13310
2020-11-12,10012
2020-11-13,6125
2020-11-14,11987
2020-11-15,13441
2020-11-16,7817
2020-11-17,13750
2020-11-18,6836
2020-11-19,5695
2020-11-20,5608
2020-11-21,5599
2020-11-22,5603
2020-11-23,6762
2020-11-24,17357
2020-11-25,29478
2020-11-26,6280
2020-11-27,11390
2020-11-28,22531
2020-11-29,10113
2020-11-30,10022
2020-12-01,11014
2020-12-02,14264
2020-12-03,6927
2020-12-04,21583
2020-12-05,5490
2020-12-06,6527
2020-12-07,5272
2020-12-08,10048
2020-12-09,11356
2020-12-10,5357
2020-12-11,11081
2020-12-12,7016
2020-12-13,43788
2020-12-14,12001
2020-12-15,4742
2020-12-16,5468
2020-12-17,9854
2020-12-18,6794
2020-12-19,12764
2020-12-20,5459
2020-12-21,11316
2020-12-22,15084
2020-12-23,21783
2020-12-24,16132
2020-12-25,5912
2020-12-26,8550
2020-12-27,4942
2020-12-28,5125
2020-12-29,8556
2020-12-30,10914
2020-12-31,20582
2021-01-01,18570
2021-01-02,9121
2021-01-03,7105
2021-01-04,5108
2021-01-05,9200
2021-01-06,15349
2021-01-07,11691
2021-01-08,7368
2021-01-09,6086
2021-01-10,133337
2021-01-11,126443
2021-01-12,44435
2021-01-13,8282
2021-01-14,19785
2021-01-15,19647
2021-01-16,5395
2021-01-17,6440
2021-01-18,10425
2021-01-19,14463
2021-01-20,16731
2021-01-21,10574
2021-01-22,10472
2021-01-23,4835
2021-01-24,7007
2021-01-25,21275
2021-01-26,13548
2021-01-27,15944
2021-01-28,16572
2021-01-29,11895
2021-01-30,18382
2021-01-31,5516
2021-02-01,28056
2021-02-02,9085
2021-02-03,17040
2021-02-04,10311
2021-02-05,11062
2021-02-06,5167
2021-02-07,5707
2021-02-08,8143
2021-02-09,6314
2021-02-10,8859
2021-02-11,97291
2021-02-12,72603
2021-02-13,50106
2021-02-14,141291
2021-02-15,3427322
2021-02-16,4257874
2021-02-17,3636140
2021-02-18,1307625
2021-02-19,218974
2021-02-20,93742
2021-02-21,39236
2021-02-22,21527
2021-02-23,18560
2021-02-24,13931
2021-02-25,16988
2021-02-26,33365
2021-02-27,9059
2021-02-28,7444
2021-03-01,10552
2021-03-02,7908
2021-03-03,8175
2021-03-04,11575
2021-03-05,14091
2021-03-06,8060
2021-03-07,4786
2021-03-08,3446
2021-03-09,8199
2021-03-10,8386
2021-03-11,5246
2021-03-12,21864
2021-03-13,19136
2021-03-14,11730
2021-03-15,7546
2021-03-16,8834
2021-03-17,80703
2021-03-18,8013
2021-03-19,4410
2021-03-20,3803
2021-03-21,4834
2021-03-22,13506
2021-03-23,16694
2021-03-24,17468
2021-03-25,10534
2021-03-26,7049
2021-03-27,11851
2021-03-28,16216
2021-03-29,18255
2021-03-30,18164
2021-03-31,13113
2021-04-01,15809
2021-04-02,3856
2021-04-03,5470
2021-04-04,2767
2021-04-05,7843
2021-04-06,12098
2021-04-07,8216
2021-04-08,17072
2021-04-09,26516
2021-04-10,20865
2021-04-11,6584
2021-04-12,16866
2021-04-13,14304
2021-04-14,14142
2021-04-15,17563
2021-04-16,26985
2021-04-17,13119
2021-04-18,5333
2021-04-19,7715
2021-04-20,7391
2021-04-21,7745
2021-04-22,7537
2021-04-23,22382
2021-04-24,18647
2021-04-25,16252
2021-04-26,10672
2021-04-27,8593
2021-04-28,49808
2021-04-29,52893
2021-04-30,25281
2021-05-01,20585
2021-05-02,12991
2021-05-03,33935
2021-05-04,29673
2021-05-05,10928
2021-05-06,7951
2021-05-07,10957
2021-05-08,9350
2021-05-09,34469
2021-05-10,21372
2021-05-11,44355
2021-05-12,71189
2021-05-13,10599
2021-05-14,19936
2021-05-15,13232
2021-05-16,19222
2021-05-17,40042
2021-05-18,106653
2021-05-19,103302
2021-05-20,11714
2021-05-21,13846
2021-05-22,9198
2021-05-23,8956
2021-05-24,24872
2021-05-25,18483
2021-05-26,15652
2021-05-27,10200
2021-05-28,165185
2021-05-29,134038
2021-05-30,28980
2021-05-31,23562
2021-06-01,18468
2021-06-02,28255
2021-06-03,30744
2021-06-04,9564
2021-06-05,14176
2021-06-06,15999
2021-06-07,32547
2021-06-08,22366
2021-06-09,12301
2021-06-10,9515
2021-06-11,7097
2021-06-12,11034
2021-06-13,17012
2021-06-14,13751
2021-06-15,49306
2021-06-16,12908
2021-06-17,9545
2021-06-18,7107
2021-06-19,9947
2021-06-20,10633
2021-06-21,17961
2021-06-22,20308
2021-06-23,7397
2021-06-24,11820
2021-06-25,19143
2021-06-26,19499
2021-06-27,25346
2021-06-28,21578
2021-06-29,13667
2021-06-30,8183
2021-07-01,23115
2021-07-02,14188
2021-07-03,12086
2021-07-04,10831
2021-07-05,20703
2021-07-06,15989
2021-07-07,12695
2021-07-08,8957
2021-07-09,16193
2021-07-10,11307
2021-07-11,24762
2021-07-12,31857
2021-07-13,44561
2021-07-14,25038
2021-07-15,16755
2021-07-16,11605
2021-07-17,4848
2021-07-18,8615
2021-07-19,19281
2021-07-20,9538
2021-07-21,13452
2021-07-22,11175
2021-07-23,10223
2021-07-24,7896
2021-07-25,9280
2021-07-26,9323
2021-07-27,35360
2021-07-28,22195
2021-07-29,8301
2021-07-30,29698
2021-07-31,6784
2021-08-01,35600
2021-08-02,39235
2021-08-03,11316
2021-08-04,11251
2021-08-05,14253
2021-08-06,11768
2021-08-07,8705
2021-08-08,10736
2021-08-09,9848
2021-08-10,5498
2021-08-11,10616
2021-08-12,12282
2021-08-13,15659
2021-08-14,35678
2021-08-15,25467
2021-08-16,39956
2021-08-17,21499
2021-08-18,25174
2021-08-19,13153
2021-08-20,7034
2021-08-21,12400
2021-08-22,5097
2021-08-23,13346
2021-08-24,12483
2021-08-25,10281
2021-08-26,10965
2021-08-27,9607
2021-08-28,6959
2021-08-29,6052
2021-08-30,9966
2021-08-31,10815
2021-09-01,9601
2021-09-02,7278
2021-09-03,9826
2021-09-04,6043
2021-09-05,9113
2021-09-06,25500
2021-09-07,10172
2021-09-08,12886
2021-09-09,10156
2021-09-10,7216
2021-09-11,7598
2021-09-12,6319
2021-09-13,109215
2021-09-14,523960
2021-09-15,122805
2021-09-16,57310
2021-09-17,26745
2021-09-18,14971
2021-09-19,9242
2021-09-20,25347
2021-09-21,11709
2021-09-22,15700
2021-09-23,10660
2021-09-24,10077
2021-09-25,9731
2021-09-26,7448
2021-09-27,10330
2021-09-28,58923
2021-09-29,48854
2021-09-30,22045
2021-10-01,18700
2021-10-02,7889
2021-10-03,4138
2021-10-04,10539
2021-10-05,6574
2021-10-06,8652
2021-10-07,6178
2021-10-08,7784
2021-10-09,3238
2021-10-10,83544
2021-10-11,56331
2021-10-12,10141
2021-10-13,19540
2021-10-14,16014
2021-10-15,11777
2021-10-16,8272
2021-10-17,5874
2021-10-18,11600
2021-10-19,10860
2021-10-20,7622
2021-10-21,11896
2021-10-22,9038
2021-10-23,10380
2021-10-24,8567
2021-10-25,22126
2021-10-26,8844
2021-10-27,95562
2021-10-28,300340
2021-10-29,61166
2021-10-30,6223
2021-10-31,7539
2021-11-01,8449
2021-11-02,13633
2021-11-03,22658
2021-11-04,36887
2021-11-05,8868
2021-11-06,4825
2021-11-07,8907
2021-11-08,13114
2021-11-09,11611
2021-11-10,12525
2021-11-11,43341
2021-11-12,10658
2021-11-13,42210
2021-11-14,5481
2021-11-15,8004
2021-11-16,7067
2021-11-17,26347
2021-11-18,9338
2021-11-19,13312
2021-11-20,7182
2021-11-21,3377
2021-11-22,8500
2021-11-23,7386
2021-11-24,9141
2021-11-25,13939
2021-11-26,3775
2021-11-27,15030
2021-11-28,13492
2021-11-29,14569
2021-11-30,8521
2021-12-01,9492
2021-12-02,11598
2021-12-03,12789
2021-12-04,5453
2021-12-05,3922
2021-12-06,17504
2021-12-07,8302
2021-12-08,6400
2021-12-09,10907
2021-12-10,15074
2021-12-11,36194
2021-12-12,9210
2021-12-13,7717
2021-12-14,11298
2021-12-15,25249
2021-12-16,6731
2021-12-17,6059
2021-12-18,37483
2021-12-19,5669
2021-12-20,8174
2021-12-21,18148
2021-12-22,7916
2021-12-23,7808
2021-12-24,5067
2021-12-25,7072
2021-12-26,8467
2021-12-27,4572
2021-12-28,6129
2021-12-29,12880
2021-12-30,4334
2021-12-31,4009
2022-01-01,9737
2022-01-02,25975
2022-01-03,12915
2022-01-04,7981
2022-01-05,8726
2022-01-06,11139
2022-01-07,8216
2022-01-08,43288
2022-01-09,31051
2022-01-10,9931
2022-01-11,7147
2022-01-12,86420
2022-01-13,6450
2022-01-14,6375
2022-01-15,46421
2022-01-16,4860
2022-01-17,8278
2022-01-18,6934
2022-01-19,4718
2022-01-20,5926
2022-01-21,9993
2022-01-22,5547
2022-01-23,4849
2022-01-24,10401
2022-01-25,10726
2022-01-26,11517
2022-01-27,8407
2022-01-28,20408
2022-01-29,7626
2022-01-30,9494
2022-01-31,17537
2022-02-01,7550
2022-02-02,36142
2022-02-03,74423
2022-02-04,31818
2022-02-05,17824
2022-02-06,4559
2022-02-07,11987
2022-02-08,7011
2022-02-09,13896
2022-02-10,9083
2022-02-11,7161
2022-02-12,13063
2022-02-13,6553
2022-02-14,7234
2022-02-15,9565
2022-02-16,14906
2022-02-17,12197
2022-02-18,5669
2022-02-19,3079
2022-02-20,5242
2022-02-21,13707
2022-02-22,9370
2022-02-23,6907
2022-02-24,15431
2022-02-25,4779
2022-02-26,6175
2022-02-27,7957
2022-02-28,12553
2022-03-01,14473
2022-03-02,5459
2022-03-03,14461
2022-03-04,4545
2022-03-05,6012
2022-03-06,6199
2022-03-07,4599
2022-03-08,6649
2022-03-09,6483
2022-03-10,38051
2022-03-11,8162
2022-03-12,6773
2022-03-13,4617
2022-03-14,19755
2022-03-15,11687
2022-03-16,8791
2022-03-17,13680
2022-03-18,12860
2022-03-19,6694
2022-03-20,6180
2022-03-21,76119
2022-03-22,70776
2022-03-23,19159
2022-03-24,11883
2022-03-25,19806
2022-03-26,8076
2022-03-27,14848
2022-03-28,4375
2022-03-29,34565
2022-03-30,29546
2022-03-31,14444
2022-04-01,8091
2022-04-02,5527
2022-04-03,6987
2022-04-04,33787
2022-04-05,52426
2022-04-06,12241
2022-04-07,30586
2022-04-08,7896
2022-04-09,10290
2022-04-10,28027
2022-04-11,20284
2022-04-12,109013
2022-04-13,68265
2022-04-14,19195
2022-04-15,16821
2022-04-16,5944
2022-04-17,7922
2022-04-18,14187
2022-04-19,15447
2022-04-20,19215
2022-04-21,6388
2022-04-22,7014
2022-04-23,8070
2022-04-24,15677
2022-04-25,33008
2022-04-26,17964
2022-04-27,11621
2022-04-28,25366
2022-04-29,8692
2022-04-30,9813
2022-05-01,10496
2022-05-02,39946
2022-05-03,13723
2022-05-04,16046
2022-05-05,38829
2022-05-06,16086
2022-05-07,13627
2022-05-08,9120
2022-05-09,6998
2022-05-10,10211
2022-05-11,12633
2022-05-12,9213
2022-05-13,17577
2022-05-14,19867
2022-05-15,105193
2022-05-16,105072
2022-05-17,15135
2022-05-18,12309
2022-05-19,21475
2022-05-20,8973
2022-05-21,56556
2022-05-22,90494
2022-05-23,25044
2022-05-24,115147
2022-05-25,168786
2022-05-26,13554
2022-05-27,13018
2022-05-28,9931
2022-05-29,9268
2022-05-30,7434
2022-05-31,17664
2022-06-01,15569
2022-06-02,52718
2022-06-03,6996
2022-06-04,13300
2022-06-05,12674
2022-06-06,12954
2022-06-07,12259
2022-06-08,13381
2022-06-09,13863
2022-06-10,9268
2022-06-11,15957
2022-06-12,14748
2022-06-13,11965
2022-06-14,12664
2022-06-15,13089
2022-06-16,13045
2022-06-17,19213
2022-06-18,10456
2022-06-19,16591
2022-06-20,13102
2022-06-21,15783
2022-06-22,9359
2022-06-23,15592
2022-06-24,8757
2022-06-25,5095
2022-06-26,20833
2022-06-27,68175
2022-06-28,28279
2022-06-29,10759
2022-06-30,11426
2022-07-01,13552
2022-07-02,9326
2022-07-03,8284
2022-07-04,7013
2022-07-05,9146
2022-07-06,11904
2022-07-07,43348
2022-07-08,13518
2022-07-09,28313
2022-07-10,35025
2022-07-11,14511
2022-07-12,26372
2022-07-13,16772
2022-07-14,53744
2022-07-15,9820
2022-07-16,7375
2022-07-17,8417
2022-07-18,10448
2022-07-19,10469
2022-07-20,14503
2022-07-21,7862
2022-07-22,11099
2022-07-23,8397
2022-07-24,18060
2022-07-25,10824
2022-07-26,9289
2022-07-27,10071
2022-07-28,11492
2022-07-29,9493
2022-07-30,10267
2022-07-31,8084
2022-08-01,9991
2022-08-02,10701
2022-08-03,15918
2022-08-04,10541
2022-08-05,14990
2022-08-06,6338
2022-08-07,7931
2022-08-08,6577
2022-08-09,23942
2022-08-10,183153
2022-08-11,53420
2022-08-12,24163
2022-08-13,25975
2022-08-14,24413
2022-08-15,14614
2022-08-16,7779
2022-08-17,25134
2022-08-18,52818
2022-08-19,17614
2022-08-20,13992
2022-08-21,16754
2022-08-22,42819
2022-08-23,15654
2022-08-24,8566
2022-08-25,13134
2022-08-26,7934
2022-08-27,7273
2022-08-28,12005
2022-08-29,12823
2022-08-30,14541
2022-08-31,19044
2022-09-01,21417
2022-09-02,7496
2022-09-03,16440
2022-09-04,136536
2022-09-05,85083
2022-09-06,9776
2022-09-07,50437
2022-09-08,11552
2022-09-09,11490
2022-09-10,6382
2022-09-11,8063
2022-09-12,8448
2022-09-13,5657
2022-09-14,7852
2022-09-15,15463
2022-09-16,15212
2022-09-17,7783
2022-09-18,5010
2022-09-19,15032
2022-09-20,8451
2022-09-21,8675
2022-09-22,7004
2022-09-23,23502
2022-09-24,9883
2022-09-25,21483
2022-09-26,9079
2022-09-27,12710
2022-09-28,7743
2022-09-29,15916
2022-09-30,6374
2022-10-01,7943
2022-10-02,7222
2022-10-03,7670
2022-10-04,7280
2022-10-05,9997
2022-10-06,5520
2022-10-07,9807
2022-10-08,4949
2022-10-09,7968
2022-10-10,9134
2022-10-11,7278
2022-10-12,8874
2022-10-13,11415
2022-10-14,9615
2022-10-15,7253
2022-10-16,14615
2022-10-17,28595
2022-10-18,10561
2022-10-19,9829
2022-10-20,10913
2022-10-21,10451
2022-10-22,19953
2022-10-23,14534
2022-10-24,134790
2022-10-25,206068
2022-10-26,9183
2022-10-27,10337
2022-10-28,22228
2022-10-29,11283
2022-10-30,7025
2022-10-31,9455
2022-11-01,10255
2022-11-02,6981
2022-11-03,6598
2022-11-04,86961
2022-11-05,85316
2022-11-06,8515
2022-11-07,24154
2022-11-08,9948
2022-11-09,8825
2022-11-10,7367
2022-11-11,16500
2022-11-12,8950
2022-11-13,9411
2022-11-14,13153
2022-11-15,8315
2022-11-16,6489
2022-11-17,10599
2022-11-18,7425
2022-11-19,8267
2022-11-20,10848
2022-11-21,6237
2022-11-22,6492
2022-11-23,5800
2022-11-24,15119
2022-11-25,15730
2022-11-26,19204
2022-11-27,7081
2022-11-28,8962
2022-11-29,14299
2022-11-30,48477
2022-12-01,6789
2022-12-02,6331
2022-12-03,2427
2022-12-04,3456
2022-12-05,7959
2022-12-06,10380
2022-12-07,10034
2022-12-08,9065
2022-12-09,6594
2022-12-10,12465
2022-12-11,14694
2022-12-12,7596
2022-12-13,46285
2022-12-14,11625
2022-12-15,12320
2022-12-16,5417
2022-12-17,10277
2022-12-18,11972
2022-12-19,7348
2022-12-20,7131
2022-12-21,7223
2022-12-22,96271
2022-12-23,92046
2022-12-24,20297
2022-12-25,10414
2022-12-26,8776
2022-12-27,5045
2022-12-28,12034
2022-12-29,12959
2022-12-30,25288
2022-12-31,3072
2023-01-01,4657
2023-01-02,19674
2023-01-03,10560
2023-01-04,8369
2023-01-05,7390
2023-01-06,7340
2023-01-07,9529
2023-01-08,14580
2023-01-09,6906
2023-01-10,7935
2023-01-11,11471
2023-01-12,13755
2023-01-13,6481
2023-01-14,6419
2023-01-15,8724
2023-01-16,6012
2023-01-17,13519
2023-01-18,10007
2023-01-19,17903
2023-01-20,3849
2023-01-21,5993
2023-01-22,7435
2023-01-23,7475
2023-01-24,122891
2023-01-25,56081
2023-01-26,28496
2023-01-27,10931
2023-01-28,7265
2023-01-29,10007
2023-01-30,7091
2023-01-31,36496
2023-02-01,371092
2023-02-02,444493
2023-02-03,300836
2023-02-04,147145
2023-02-05,74626
2023-02-06,40673
2023-02-07,15371
2023-02-08,16681
2023-02-09,10646
2023-02-10,9208
2023-02-11,29488
2023-02-12,7542
2023-02-13,8554
2023-02-14,21499
2023-02-15,11207
2023-02-16,9918
2023-02-17,11587
2023-02-18,4001
2023-02-19,4004
2023-02-20,8927
2023-02-21,8370
2023-02-22,14940
2023-02-23,9200
2023-02-24,6865
2023-02-25,5866
2023-02-26,41480
2023-02-27,33843
2023-02-28,13489
2023-03-01,11924
2023-03-02,345638
2023-03-03,194427
2023-03-04,12522
2023-03-05,6963
2023-03-06,7746
2023-03-07,9336
2023-03-08,10730
2023-03-09,12512
2023-03-10,9764
2023-03-11,6451
2023-03-12,8940
2023-03-13,8448
2023-03-14,12985
2023-03-15,13813
2023-03-16,29309
2023-03-17,41172
2023-03-18,11817
2023-03-19,5510
2023-03-20,9161
2023-03-21,11552
2023-03-22,13583
2023-03-23,10420
2023-03-24,10937
2023-03-25,5827
2023-03-26,11313
2023-03-27,12282
2023-03-28,15358
2023-03-29,6254
2023-03-30,16427
2023-03-31,41685
2023-04-01,6429
2023-04-02,18536
2023-04-03,22066
2023-04-04,11308
2023-04-05,27146
2023-04-06,39427
2023-04-07,27674
2023-04-08,9315
2023-04-09,6466
2023-04-10,7330
2023-04-11,12277
2023-04-12,14390
2023-04-13,17051
2023-04-14,12638
2023-04-15,19476
2023-04-16,9481
2023-04-17,7279
2023-04-18,11093
2023-04-19,12415
2023-04-20,78534
2023-04-21,55874
2023-04-22,21985
2023-04-23,46830
2023-04-24,21397
2023-04-25,11373
2023-04-26,51876
2023-04-27,48740
2023-04-28,172982
2023-04-29,233184
2023-04-30,54869
2023-05-01,27463
2023-05-02,19165
2023-05-03,10810
2023-05-04,15567
2023-05-05,44009
2023-05-06,52327
2023-05-07,55147
2023-05-08,52547
2023-05-09,52751
2023-05-10,22414
2023-05-11,17268
2023-05-12,13068
2023-05-13,50548
2023-05-14,34725
2023-05-15,22001
2023-05-16,29540
2023-05-17,15773
2023-05-18,15463
2023-05-19,15966
2023-05-20,19296
2023-05-21,7837
2023-05-22,10091
2023-05-23,19163
2023-05-24,27305
2023-05-25,25154
2023-05-26,11093
2023-05-27,8750
2023-05-28,10405
2023-05-29,15754
2023-05-30,14768
2023-05-31,12300
2023-06-01,8478
2023-06-02,15158
2023-06-03,55790
2023-06-04,91467
2023-06-05,22755
2023-06-06,21885
2023-06-07,15920
2023-06-08,241329
2023-06-09,91901
2023-06-10,172922
2023-06-11,118275
2023-06-12,45218
2023-06-13,25162
2023-06-14,19860
2023-06-15,133753
2023-06-16,240752
2023-06-17,166312
2023-06-18,129620
2023-06-19,92177
2023-06-20,63192
2023-06-21,447359
2023-06-22,384616
2023-06-23,91788
2023-06-24,55256
2023-06-25,27209
2023-06-26,19053
2023-06-27,29744
2023-06-28,10405
2023-06-29,10137
2023-06-30,11453
2023-07-01,9146
2023-07-02,30847
2023-07-03,35456
2023-07-04,13807
2023-07-05,10402
2023-07-06,22784
2023-07-07,13691
2023-07-08,21763
2023-07-09,11082
2023-07-10,12408
2023-07-11,12561
2023-07-12,11143
2023-07-13,9909
2023-07-14,4958
2023-07-15,6167
2023-07-16,23580
2023-07-17,26951
2023-07-18,13717
2023-07-19,10071
2023-07-20,13404
2023-07-21,6910
2023-07-22,17868
2023-07-23,33415
2023-07-24,18621
2023-07-25,10541
2023-07-26,10182
2023-07-27,15429
2023-07-28,8748
2023-07-29,8510
2023-07-30,7945
2023-07-31,21171
2023-08-01,21181
2023-08-02,17282
2023-08-03,10730
2023-08-04,6064
2023-08-05,10298
2023-08-06,14898
2023-08-07,8739
2023-08-08,13466
2023-08-09,19883
2023-08-10,17433
2023-08-11,16192
2023-08-12,9145
2023-08-13,5706
2023-08-14,15094
2023-08-15,7395
2023-08-16,10513
2023-08-17,9649
2023-08-18,10153
2023-08-19,8083
2023-08-20,16637
2023-08-21,11758
2023-08-22,46686
2023-08-23,11324
2023-08-24,72468
2023-08-25,52259
2023-08-26,7628
2023-08-27,66748
2023-08-28,37497
2023-08-29,8128
2023-08-30,13873
2023-08-31,9991
2023-09-01,9709
2023-09-02,11750
2023-09-03,29213
2023-09-04,19437
2023-09-05,16397
2023-09-06,9484
2023-09-07,10063
2023-09-08,151169
2023-09-09,149139
2023-09-10,14391
2023-09-11,14660
2023-09-12,19287
2023-09-13,11535
2023-09-14,41358
2023-09-15,43988
2023-09-16,30829
2023-09-17,8401
2023-09-18,7913
2023-09-19,23210
2023-09-20,16221
2023-09-21,15770
2023-09-22,15469
2023-09-23,8092
2023-09-24,112054
2023-09-25,89907
2023-09-26,16299
2023-09-27,7916
2023-09-28,8648
2023-09-29,6879
2023-09-30,10006
2023-10-01,6661
2023-10-02,9338
2023-10-03,17062
2023-10-04,76637
2023-10-05,64138
2023-10-06,9489
2023-10-07,7291
2023-10-08,7719
2023-10-09,6903
2023-10-10,7985
2023-10-11,9141
2023-10-12,13100
2023-10-13,9502
2023-10-14,6688
2023-10-15,12517
2023-10-16,25997
2023-10-17,7975
2023-10-18,9361
2023-10-19,5778
2023-10-20,7156
2023-10-21,10475
2023-10-22,7086
2023-10-23,16338
2023-10-24,34715
2023-10-25,11300
2023-10-26,14249
2023-10-27,14919
2023-10-28,18415
2023-10-29,11317
2023-10-30,24915
2023-10-31,11936
2023-11-01,19160
2023-11-02,11392
2023-11-03,8430
2023-11-04,3330
2023-11-05,7431
2023-11-06,8483
2023-11-07,16873
2023-11-08,13615
2023-11-09,10435
2023-11-10,10869
2023-11-11,16485
2023-11-12,6612
2023-11-13,7909
2023-11-14,8622
2023-11-15,14660
2023-11-16,8264
2023-11-17,5406
2023-11-18,5954
2023-11-19,8500
2023-11-20,7039
2023-11-21,22144
2023-11-22,5510
2023-11-23,4484
2023-11-24,11603
2023-11-25,3907
2023-11-26,8056
2023-11-27,12717
2023-11-28,7626
2023-11-29,13062
2023-11-30,14314
2023-12-01,17285
2023-12-02,11475
2023-12-03,4517
2023-12-04,4282
2023-12-05,6671
2023-12-06,6257
2023-12-07,10874
2023-12-08,8552
2023-12-09,9558
2023-12-10,11767
2023-12-11,12673
2023-12-12,10083
2023-12-13,10274
2023-12-14,5395
2023-12-15,14380
2023-12-16,9314
2023-12-17,7384
2023-12-18,11582
2023-12-19,8131
2023-12-20,10437
2023-12-21,7206
2023-12-22,4798
2023-12-23,6169
2023-12-24,17873
2023-12-25,5783
2023-12-26,4409
2023-12-27,5687
2023-12-28,3968
2023-12-29,6139
2023-12-30,4573
2023-12-31,6440
2024-01-01,4835
2024-01-02,9639
2024-01-03,22216
2024-01-04,8339
2024-01-05,21112
2024-01-06,3309
2024-01-07,4183
2024-01-08,90715
2024-01-09,52514
2024-01-10,9749
2024-01-11,8296
2024-01-12,61629
2024-01-13,10537
2024-01-14,15420
2024-01-15,32553
2024-01-16,30278
2024-01-17,32027
2024-01-18,5425
2024-01-19,5603
2024-01-20,4720
2024-01-21,18415
2024-01-22,15557
2024-01-23,25292
2024-01-24,20066
2024-01-25,10938
2024-01-26,8177
2024-01-27,9819
2024-01-28,7804
2024-01-29,6182
2024-01-30,6203
2024-01-31,10523
2024-02-01,5235
2024-02-02,15994
2024-02-03,38275
2024-02-04,13022
2024-02-05,6629
2024-02-06,8469
2024-02-07,7451
2024-02-08,6289
2024-02-09,4385
2024-02-10,5909
2024-02-11,11576
2024-02-12,8029
2024-02-13,11517
2024-02-14,5868
2024-02-15,11409
2024-02-16,7911
2024-02-17,5736
2024-02-18,12471
2024-02-19,4623
2024-02-20,8784
2024-02-21,14614
2024-02-22,9245
2024-02-23,6422
2024-02-24,6667
2024-02-25,11487
2024-02-26,8805
2024-02-27,16488
2024-02-28,18857
2024-02-29,4946
2024-03-01,5644
2024-03-02,7518
2024-03-03,3935
2024-03-04,5511
2024-03-05,10964
2024-03-06,19612
2024-03-07,10721
2024-03-08,9397
2024-03-09,8653
2024-03-10,5275
2024-03-11,13327
2024-03-12,12100
2024-03-13,12350
2024-03-14,7883
2024-03-15,37324
2024-03-16,21723
2024-03-17,18209
2024-03-18,6576
2024-03-19,17539
2024-03-20,8728
2024-03-21,101182
2024-03-22,133257
2024-03-23,6206
2024-03-24,21463
2024-03-25,11448
2024-03-26,7178
2024-03-27,18653
2024-03-28,13854
2024-03-29,12302
2024-03-30,3286
2024-03-31,7758
2024-04-01,14991
2024-04-02,17130
2024-04-03,9307
2024-04-04,12054
2024-04-05,7616
2024-04-06,17084
2024-04-07,3452
2024-04-08,29723
2024-04-09,63607
2024-04-10,203940
2024-04-11,18758
2024-04-12,7936
2024-04-13,7688
2024-04-14,4390
2024-04-15,11156
2024-04-16,14178
2024-04-17,12655
2024-04-18,8120
2024-04-19,9759
2024-04-20,37998
2024-04-21,31028
2024-04-22,9911
2024-04-23,5979
2024-04-24,7683
2024-04-25,7278
2024-04-26,47141
2024-04-27,33383
2024-04-28,78945
2024-04-29,51672
2024-04-30,8390
2024-05-01,22625
2024-05-02,159390
2024-05-03,55717
2024-05-04,26152
2024-05-05,41594
2024-05-06,10994
2024-05-07,11987
2024-05-08,11851
2024-05-09,48570
2024-05-10,25186
2024-05-11,11425
2024-05-12,26164
2024-05-13,72630
2024-05-14,18757
2024-05-15,8039
2024-05-16,1047791
2024-05-17,897924
2024-05-18,533976
2024-05-19,356949
2024-05-20,234444
2024-05-21,237472
2024-05-22,228740
2024-05-23,137754
2024-05-24,52098
2024-05-25,35374
2024-05-26,102210
2024-05-27,39011
2024-05-28,1045158
2024-05-29,513678
2024-05-30,215329
2024-05-31,231299
2024-06-01,82226
2024-06-02,50290
2024-06-03,132043
2024-06-04,115674
2024-06-05,111203
2024-06-06,32483
2024-06-07,13839
2024-06-08,12037
2024-06-09,19462
2024-06-10,19636
2024-06-11,11537
2024-06-12,11595
2024-06-13,12075
2024-06-14,10197
2024-06-15,6617
2024-06-16,6310
2024-06-17,12834
2024-06-18,8708
2024-06-19,25638
2024-06-20,20720
2024-06-21,12719
2024-06-22,12892
2024-06-23,8849
2024-06-24,10095
2024-06-25,13541
2024-06-26,40250
2024-06-27,10161
2024-06-28,11434
2024-06-29,8226
2024-06-30,9244
2024-07-01,8336
2024-07-02,5681
2024-07-03,8349
2024-07-04,13115
2024-07-05,16777
2024-07-06,13547
2024-07-07,21126
2024-07-08,2762130
2024-07-09,2331997
2024-07-10,1716348
2024-07-11,1329800
2024-07-12,1035818
2024-07-13,779167
2024-07-14,535021
2024-07-15,301755
2024-07-16,148226
2024-07-17,72376
2024-07-18,43379
2024-07-19,18610
2024-07-20,9751
2024-07-21,15138
2024-07-22,36883
2024-07-23,25949
2024-07-24,16028
2024-07-25,13820
2024-07-26,14879
2024-07-27,17841
2024-07-28,14543
2024-07-29,9938
2024-07-30,10918
2024-07-31,9604
2024-08-01,10304
2024-08-02,9025
2024-08-03,24832
2024-08-04,13871
2024-08-05,6853
2024-08-06,12034
2024-08-07,17850
2024-08-08,13944
2024-08-09,10625
2024-08-10,5699
2024-08-11,6456
2024-08-12,12356
2024-08-13,9900
2024-08-14,13175
2024-08-15,10644
2024-08-16,10902
2024-08-17,15704
2024-08-18,7435
2024-08-19,24721
2024-08-20,11454
2024-08-21,21916
2024-08-22,9855
2024-08-23,22256
2024-08-24,8138
2024-08-25,7854
2024-08-26,16649
2024-08-27,18615
2024-08-28,11824
2024-08-29,9755
2024-08-30,6942
2024-08-31,8531
2024-09-01,13095
2024-09-02,10943
2024-09-03,17909
2024-09-04,22644
2024-09-05,10708
2024-09-06,15134
2024-09-07,9387
2024-09-08,7177
2024-09-09,12880
2024-09-10,7100
2024-09-11,7639
2024-09-12,16439
2024-09-13,15105
2024-09-14,9523
2024-09-15,10196
2024-09-16,8271
2024-09-17,14122
2024-09-18,14282
2024-09-19,11158
2024-09-20,5920
2024-09-21,8405
2024-09-22,6249
2024-09-23,14815
2024-09-24,8634
2024-09-25,11791
2024-09-26,9922
2024-09-27,7333
2024-09-28,6266
2024-09-29,8375
2024-09-30,11364
2024-10-01,6088
2024-10-02,4686
2024-10-03,5340
2024-10-04,13357
2024-10-05,13446
2024-10-06,3510
2024-10-07,4796
2024-10-08,8177
2024-10-09,7677
2024-10-10,5897
2024-10-11,7017
2024-10-12,5541
2024-10-13,5683
2024-10-14,8436
2024-10-15,14643
2024-10-16,14088
2024-10-17,9964
2024-10-18,8528
2024-10-19,6674
2024-10-20,5518
2024-10-21,6122
2024-10-22,10122
2024-10-23,7539
2024-10-24,7260
2024-10-25,5953
2024-10-26,8153
2024-10-27,6779
2024-10-28,10470
2024-10-29,18770
2024-10-30,13622
2024-10-31,22557
2024-11-01,8041
2024-11-02,18072
2024-11-03,18093
2024-11-04,27969
2024-11-05,22050
2024-11-06,6785
2024-11-07,10048
2024-11-08,7557
2024-11-09,9308
2024-11-10,5580
2024-11-11,15055
2024-11-12,8160
2024-11-13,10564
2024-11-14,8861
2024-11-15,7808
2024-11-16,3976
2024-11-17,14610
2024-11-18,53760
2024-11-19,12340
2024-11-20,10242
2024-11-21,9318
2024-11-22,11201
2024-11-23,5368
2024-11-24,5403
2024-11-25,7783
2024-11-26,6548
2024-11-27,7780
2024-11-28,3763
2024-11-29,3053
2024-11-30,10922
2024-12-01,5765
2024-12-02,16329
2024-12-03,16161
2024-12-04,15784
2024-12-05,7745
2024-12-06,8784
2024-12-07,7777
2024-12-08,14407
2024-12-09,14247
2024-12-10,12037
2024-12-11,18668
2024-12-12,7699
2024-12-13,9917
2024-12-14,12679
2024-12-15,5585
2024-12-16,8449
2024-12-17,8459
2024-12-18,13422
2024-12-19,5173
2024-12-20,12025
2024-12-21,4318
2024-12-22,3744
2024-12-23,4367
2024-12-24,18319
2024-12-25,24441
2024-12-26,11980
2024-12-27,7880
2024-12-28,45120
2024-12-29,15493
2024-12-30,7082
2024-12-31,10452
2025-01-01,4816
2025-01-02,9856
2025-01-03,5139
2025-01-04,7135
2025-01-05,19086
2025-01-06,12189
2025-01-07,7725
2025-01-08,19751
2025-01-09,29165
2025-01-10,39577
2025-01-11,18282
2025-01-12,5872
2025-01-13,5539
2025-01-14,8789
2025-01-15,6654
2025-01-16,11184
2025-01-17,7256
2025-01-18,6878
2025-01-19,7996
2025-01-20,6715
2025-01-21,47730
2025-01-22,27400
2025-01-23,9007
2025-01-24,13873
2025-01-25,8248
2025-01-26,9501
2025-01-27,7796
2025-01-28,11009
2025-01-29,20554
2025-01-30,17173
2025-01-31,6614
2025-02-01,5210
2025-02-02,4388
2025-02-03,12789
2025-02-04,11498
2025-02-05,8708
2025-02-06,9854
2025-02-07,8090
2025-02-08,10274
2025-02-09,3194
2025-02-10,7523
2025-02-11,12115
2025-02-12,16205
2025-02-13,6712
2025-02-14,14969
2025-02-15,13215
2025-02-16,5004
2025-02-17,6422
2025-02-18,12060
2025-02-19,30506
2025-02-20,20819
2025-02-21,5753
2025-02-22,8702
2025-02-23,8204
2025-02-24,6021
2025-02-25,8727
2025-02-26,5883
2025-02-27,7632
2025-02-28,14273
2025-03-01,7681
2025-03-02,12192
2025-03-03,13318
2025-03-04,416827
2025-03-05,177079
2025-03-06,23016
2025-03-07,11465
2025-03-08,33616
2025-03-09,9718
2025-03-10,6356
2025-03-11,16993
2025-03-12,13220
2025-03-13,11632
2025-03-14,98748
2025-03-15,39492
2025-03-16,13303
2025-03-17,9363
2025-03-18,26429
2025-03-19,43472
2025-03-20,11372
2025-03-21,6645
2025-03-22,7838
2025-03-23,14421
2025-03-24,37496
2025-03-25,6051
2025-03-26,12890
2025-03-27,22852
2025-03-28,31388
2025-03-29,14275
2025-03-30,7715
2025-03-31,6465
2025-04-01,7662
2025-04-02,12607
2025-04-03,30668
2025-04-04,31579
2025-04-05,47800
2025-04-06,13758
2025-04-07,10954
2025-04-08,17257
2025-04-09,10089
2025-04-10,10384
2025-04-11,9348
2025-04-12,5662
2025-04-13,12951
2025-04-14,11782
2025-04-15,24619
2025-04-16,22427
2025-04-17,9439
2025-04-18,9366
2025-04-19,16087
2025-04-20,29029
2025-04-21,29992
2025-04-22,8580
2025-04-23,29317
2025-04-24,22168
2025-04-25,9189
2025-04-26,9470
2025-04-27,5931
2025-04-28,10135
2025-04-29,12830
2025-04-30,41420
2025-05-01,15816
2025-05-02,38131
2025-05-03,23475
2025-05-04,11054
2025-05-05,28209
2025-05-06,43696
2025-05-07,28389
2025-05-08,27975
2025-05-09,23509
2025-05-10,6818
2025-05-11,8453
2025-05-12,11132
2025-05-13,16060
2025-05-14,9826
2025-05-15,13349
2025-05-16,11990
2025-05-17,34321
2025-05-18,22539
2025-05-19,23669
2025-05-20,28071
2025-05-21,10522
2025-05-22,13905
2025-05-23,29218
2025-05-24,8500
2025-05-25,11285
2025-05-26,228976
2025-05-27,238405
2025-05-28,77007
2025-05-29,54623
2025-05-30,33559
2025-05-31,12214
2025-06-01,23562
2025-06-02,12947
2025-06-03,31127
2025-06-04,26688
2025-06-05,18019
2025-06-06,14672
2025-06-07,10969
2025-06-08,153708
2025-06-09,155951
2025-06-10,25652
2025-06-11,34590
2025-06-12,74645
2025-06-13,25791
2025-06-14,11641
2025-06-15,53340
2025-06-16,26218
2025-06-17,14192
2025-06-18,19393
2025-06-19,12120
2025-06-20,20103
2025-06-21,16760
2025-06-22,5833
2025-06-23,17455
2025-06-24,19607
2025-06-25,13824
2025-06-26,18250
2025-06-27,11108
2025-06-28,6775
2025-06-29,11630
2025-06-30,17258
2025-07-01,11489
2025-07-02,18971
2025-07-03,22074
2025-07-04,11629
2025-07-05,20923
2025-07-06,10822
2025-07-07,8604
2025-07-08,39944
2025-07-09,22091
2025-07-10,7611
2025-07-11,12148
2025-07-12,27282
2025-07-13,24905
2025-07-14,13845
2025-07-15,12505
2025-07-16,9105
2025-07-17,13270
2025-07-18,10723
2025-07-19,10141
2025-07-20,7399
2025-07-21,9739
2025-07-22,9704
2025-07-23,11351
2025-07-24,10042
2025-07-25,25742
2025-07-26,41269
2025-07-27,13020
2025-07-28,17310
2025-07-29,13812
2025-07-30,22695
2025-07-31,25734
2025-08-01,20659
2025-08-02,12442
2025-08-03,18189
2025-08-04,69806
2025-08-05,13127
2025-08-06,8150
2025-08-07,9644
2025-08-08,8467
2025-08-09,9249
2025-08-10,7383
2025-08-11,9783
2025-08-12,14016
2025-08-13,11993
2025-08-14,8451
2025-08-15,7555
2025-08-16,14353
2025-08-17,12088
2025-08-18,35621
2025-08-19,44817
2025-08-20,24224
2025-08-21,20722
2025-08-22,10883
2025-08-23,5939
2025-08-24,7155
2025-08-25,19336
2025-08-26,8289
2025-08-27,14150
2025-08-28,16020
2025-08-29,13819
2025-08-30,22498
2025-08-31,10581
2025-09-01,7669
2025-09-02,29180
2025-09-03,9316
2025-09-04,9684
2025-09-05,59694
2025-09-06,33844
2025-09-07,8023
2025-09-08,10200
2025-09-09,9839
2025-09-10,15828
2025-09-11,9629
2025-09-12,9860
2025-09-13,6075
2025-09-14,6582
2025-09-15,11586
2025-09-16,15678
2025-09-17,10134
2025-09-18,10099
2025-09-19,11835
2025-09-20,10961
2025-09-21,30379
2025-09-22,14536
2025-09-23,13407
2025-09-24,18018
2025-09-25,10399
2025-09-26,8076
2025-09-27,5118
2025-09-28,4843
2025-09-29,9357
2025-09-30,11090
2025-10-01,10154
2025-10-02,8033
2025-10-03,6334
2025-10-04,9748
2025-10-05,8840
2025-10-06,8526
2025-10-07,14045
2025-10-08,13776
2025-10-09,14339
2025-10-10,7557
2025-10-11,5774
2025-10-12,7570
2025-10-13,9004
2025-10-14,13687
2025-10-15,7587
2025-10-16,15663
2025-10-17,10725
2025-10-18,13209
2025-10-19,11852
2025-10-20,10627
2025-10-21,16682
2025-10-22,14720
2025-10-23,12272
2025-10-24,81186
2025-10-25,262717
2025-10-26,42886
2025-10-27,7687
2025-10-28,22407
2025-10-29,77955
2025-10-30,15542
2025-10-31,9871
2025-11-01,11413
2025-11-02,8645
2025-11-03,10401
2025-11-04,7483
2025-11-05,11034
2025-11-06,9977
2025-11-07,7689
2025-11-08,5147
2025-11-09,9077
2025-11-10,7952
2025-11-11,10180
2025-11-12,12382
2025-11-13,9203
2025-11-14,8741
2025-11-15,5846
2025-11-16,6222
2025-11-17,10593
2025-11-18,9749
2025-11-19,8071
2025-11-20,29371
2025-11-21,16996
2025-11-22,10534
2025-11-23,14545
2025-11-24,36772
2025-11-25,9476
2025-11-26,6649
2025-11-27,8204
2025-11-28,7508
2025-11-29,7755
2025-11-30,15535
2025-12-01,18436
2025-12-02,31480
2025-12-03,12879
2025-12-04,10951
2025-12-05,8505
2025-12-06,9177
2025-12-07,4266
2025-12-08,12295
2025-12-09,10533
2025-12-10,33239
2025-12-11,12977
2025-12-12,14022
2025-12-13,8853
2025-12-14,10692
2025-12-15,9218
2025-12-16,9754
2025-12-17,11179
2025-12-18,12922
2025-12-19,12261
2025-12-20,7689
2025-12-21,8030
2025-12-22,8018
2025-12-23,6199
2025-12-24,3049
2025-12-25,4342
2025-12-26,3518
2025-12-27,3745
2025-12-28,14261
2025-12-29,52973
2025-12-30,6910
2025-12-31,8363
