utility,market,base_market,zips,population,addressable_homes,high_demand_zips,high_demand_homes,avg_score_weighted
CENTERPOINT ENERGY HOUSTON ELECTRIC LLC,base_tdsp,yes,217,7147481,1541157,11,110681,57.2
ONCOR ELECTRIC DELIVERY COMPANY,base_tdsp,yes,603,11431044,2527580,8,28970,53.9
Entergy Texas Inc.,ioi_non_ercot,no,46,431672,107156,7,10756,58.9
Mid-South Electric Coop Assn,coop,no,25,383723,87480,1,10213,62.0
"Bluebonnet Electric Coop, Inc",coop,no,27,210092,53704,3,5225,57.0
"Rusk County Electric Coop, Inc",coop,no,7,82256,21219,2,3310,59.4
City of San Antonio - (TX),municipal,no,85,2395752,535357,1,2674,43.6
Upshur Rural Elec Coop Corp,coop,no,9,92087,24022,1,1896,63.1
AEP TEXAS CENTRAL,base_tdsp,yes,206,2785149,677241,2,1395,46.0
TEXAS-NEW MEXICO POWER COMPANY,base_tdsp,yes,56,134599,38161,1,1282,55.3
"Bartlett Electric Coop, Inc",coop,no,19,211866,59785,1,855,57.0
"Bowie-Cass Electric Coop, Inc",coop,no,29,191111,49479,2,790,50.0
"Bandera Electric Coop, Inc",coop,no,16,51405,13126,1,194,52.9
Cooke County Elec Coop Assn,coop,no,4,20188,6270,1,190,60.6
AEP TEXAS NORTH,base_tdsp,yes,141,539092,135883,0,0,45.2
Sam Houston Electric Coop Inc,coop,no,14,67668,17427,0,0,60.1
Hamilton County Elec Coop Assn,coop,no,5,15541,4308,0,0,48.7
Comanche County Elec Coop Assn,coop,no,2,679,0,0,0,
(unknown),none,no,26,51817,14612,0,0,61.8
"Central Texas Elec Coop, Inc",coop,no,19,74765,20866,0,0,57.2
"Victoria Electric Coop, Inc",coop,no,3,1331,350,0,0,55.6
"Navasota Valley Elec Coop, Inc",coop,no,3,6791,1809,0,0,66.6
"Medina Electric Coop, Inc",coop,no,6,2794,493,0,0,34.7
Southwestern Electric Power Co,ioi_non_ercot,no,13,78206,19000,0,0,60.4
Austin Energy,municipal,no,43,1153369,187596,0,0,50.5
"Panola-Harrison Elec Coop, Inc",coop,no,7,33667,8766,0,0,62.4
"Pedernales Electric Coop, Inc",coop,no,8,96356,31109,0,0,60.9
"Fayette Electric Coop, Inc",coop,no,5,16095,4529,0,0,57.4
"Farmers Electric Coop, Inc - (TX)",coop,no,3,13429,3636,0,0,59.7
"San Bernard Electric Coop, Inc",coop,no,3,851,0,0,0,
Guadalupe Valley Elec Coop Inc,coop,no,11,37859,10152,0,0,49.6
City of Bryan - (TX),municipal,no,7,233400,38952,0,0,47.5
Karnes Electric Coop Inc,coop,no,7,3087,556,0,0,48.8
"Wood County Electric Coop, Inc",coop,no,2,2410,624,0,0,59.6
Deep East Texas Elec Coop Inc,coop,no,19,86825,20058,0,0,47.0
South Plains Electric Coop Inc,coop,no,7,10903,3203,0,0,48.7
Houston County Elec Coop Inc,coop,no,6,18677,4186,0,0,53.0
Cherokee County Elec Coop Assn - (TX),coop,no,3,4107,1093,0,0,53.4
Southwestern Public Service Co,ioi_non_ercot,no,27,220882,50900,0,0,37.7
"Greenbelt Electric Coop, Inc",coop,no,11,28013,8245,0,0,39.9
"Deaf Smith Electric Coop, Inc",coop,no,5,44148,11431,0,0,44.3
"Grayson-Collin Elec Coop, Inc",coop,no,1,1814,544,0,0,57.4
"Rita Blanca Electric Coop, Inc",coop,no,12,54370,13129,0,0,43.3
City of Floresville,municipal,no,1,24283,6350,0,0,56.1
"Jasper-Newton Elec Coop, Inc",coop,no,7,25116,6486,0,0,48.4
Heart of Texas Electric Coop,coop,no,8,11512,386,0,0,55.8
Magic Valley Electric Coop Inc,coop,no,5,1019,0,0,0,
"Rio Grande Electric Coop, Inc",coop,no,9,105730,32325,0,0,36.3
City of Brenham - (TX),municipal,no,1,29498,7487,0,0,54.4
United Electric Coop Service Inc - (TX),coop,no,1,1164,348,0,0,54.0
"Lea County Electric Coop, Inc - (NM)",coop,no,3,26487,6687,0,0,51.4
"Lyntegar Electric Coop, Inc",coop,no,11,29807,7936,0,0,41.6
Concho Valley Elec Coop Inc,coop,no,1,80,0,0,0,
City of New Braunfels - (TX),municipal,no,1,104009,26362,0,0,51.0
Bailey County Elec Coop Assn,coop,no,12,26474,7071,0,0,38.8
El Paso Electric Co,ioi_non_ercot,no,30,771649,180463,0,0,28.8
North Plains Electric Coop Inc,coop,no,13,35506,10182,0,0,43.0
Kerrville Public Utility Board,municipal,no,1,41206,10634,0,0,49.3
LUBBOCK POWER & LIGHT SYSTEM,competitive,no,15,298154,54185,0,0,40.7
"Jackson Electric Coop, Inc - (TX)",coop,no,5,955,0,0,0,
"Lamb County Electric Coop, Inc",coop,no,9,30204,8393,0,0,32.9
"Lighthouse Electric Coop, Inc",coop,no,10,45506,10862,0,0,33.3
"Big Country Electric Coop, Inc",coop,no,4,8436,2244,0,0,35.5
San Patricio Electric Coop Inc,coop,no,1,32,0,0,0,
City of College Station - (TX),municipal,no,1,8259,0,0,0,
NUECES ELECTRIC COOPERATIVE,competitive,no,1,403,0,0,0,
City of Denton - (TX),municipal,no,1,1085,0,0,0,
City of San Marcos - (TX),municipal,no,1,88583,0,0,0,
"Tri-County Electric Coop, Inc (OK)",coop,no,1,349,0,0,0,
Trinity Valley Elec Coop Inc,coop,no,2,5153,0,0,0,
